,EventId,Type,Severity,StartTime(UTC),Precipitation(in),AirportCode,LocationLat,LocationLng,City,County,State
0,W-3490323,Snow,Moderate,1/1/22 2:53,0.11,KDEN,39.8466,-104.6562,Denver,Denver,CO
1,W-3490324,Snow,Light,1/1/22 4:53,0.22,KDEN,39.8466,-104.6562,Denver,Denver,CO
2,W-3490325,Snow,Light,1/5/22 21:40,0.0,KDEN,39.8466,-104.6562,Denver,Denver,CO
3,W-3490326,Snow,Moderate,1/6/22 0:45,0.07,KDEN,39.8466,-104.6562,Denver,Denver,CO
4,W-3490327,Snow,Light,1/6/22 1:22,0.01,KDEN,39.8466,-104.6562,Denver,Denver,CO
5,W-3490328,Snow,Moderate,1/6/22 1:44,0.1,KDEN,39.8466,-104.6562,Denver,Denver,CO
6,W-3490329,Snow,Light,1/6/22 3:53,0.14,KDEN,39.8466,-104.6562,Denver,Denver,CO
7,W-3490330,Snow,Light,1/9/22 1:14,0.0,KDEN,39.8466,-104.6562,Denver,Denver,CO
8,W-3490331,Fog,Severe,1/9/22 10:47,0.0,KDEN,39.8466,-104.6562,Denver,Denver,CO
9,W-3490332,Fog,Severe,1/9/22 12:53,0.0,KDEN,39.8466,-104.6562,Denver,Denver,CO
10,W-3490333,Snow,Light,1/14/22 21:28,0.0,KDEN,39.8466,-104.6562,Denver,Denver,CO
11,W-3490334,Fog,Severe,1/19/22 11:44,0.0,KDEN,39.8466,-104.6562,Denver,Denver,CO
12,W-3490335,Snow,Light,1/19/22 21:48,0.0,KDEN,39.8466,-104.6562,Denver,Denver,CO
13,W-3490336,Snow,Light,1/20/22 0:44,0.0,KDEN,39.8466,-104.6562,Denver,Denver,CO
14,W-3490337,Snow,Light,1/20/22 2:50,0.0,KDEN,39.8466,-104.6562,Denver,Denver,CO
15,W-3490338,Fog,Severe,1/20/22 13:41,0.0,KDEN,39.8466,-104.6562,Denver,Denver,CO
16,W-3490339,Snow,Light,1/20/22 13:53,0.0,KDEN,39.8466,-104.6562,Denver,Denver,CO
17,W-3490340,Fog,Severe,1/20/22 15:43,0.0,KDEN,39.8466,-104.6562,Denver,Denver,CO
18,W-3490341,Fog,Severe,1/20/22 22:53,0.0,KDEN,39.8466,-104.6562,Denver,Denver,CO
19,W-3490342,Snow,Light,1/21/22 2:42,0.0,KDEN,39.8466,-104.6562,Denver,Denver,CO
20,W-3490343,Fog,Severe,1/21/22 2:53,0.0,KDEN,39.8466,-104.6562,Denver,Denver,CO
21,W-3490344,Snow,Light,1/21/22 3:02,0.0,KDEN,39.8466,-104.6562,Denver,Denver,CO
22,W-3490345,Fog,Severe,1/21/22 3:14,0.0,KDEN,39.8466,-104.6562,Denver,Denver,CO
23,W-3490346,Fog,Severe,1/21/22 7:53,0.0,KDEN,39.8466,-104.6562,Denver,Denver,CO
24,W-3490347,Fog,Severe,1/21/22 13:36,0.0,KDEN,39.8466,-104.6562,Denver,Denver,CO
25,W-3490348,Snow,Light,1/21/22 19:03,0.01,KDEN,39.8466,-104.6562,Denver,Denver,CO
26,W-3490349,Fog,Severe,1/21/22 21:53,0.0,KDEN,39.8466,-104.6562,Denver,Denver,CO
27,W-3490350,Snow,Light,1/21/22 22:21,0.0,KDEN,39.8466,-104.6562,Denver,Denver,CO
28,W-3490351,Fog,Severe,1/21/22 23:38,0.0,KDEN,39.8466,-104.6562,Denver,Denver,CO
29,W-3490352,Snow,Light,1/25/22 10:30,0.03,KDEN,39.8466,-104.6562,Denver,Denver,CO
30,W-3490353,Snow,Moderate,1/25/22 12:53,0.21,KDEN,39.8466,-104.6562,Denver,Denver,CO
31,W-3490354,Snow,Light,1/25/22 14:16,0.02,KDEN,39.8466,-104.6562,Denver,Denver,CO
32,W-3490355,Snow,Moderate,1/25/22 14:53,0.04,KDEN,39.8466,-104.6562,Denver,Denver,CO
33,W-3490356,Snow,Light,1/25/22 15:01,0.01,KDEN,39.8466,-104.6562,Denver,Denver,CO
34,W-3490357,Snow,Moderate,1/25/22 15:39,0.09,KDEN,39.8466,-104.6562,Denver,Denver,CO
35,W-3490358,Snow,Light,1/25/22 16:19,0.02,KDEN,39.8466,-104.6562,Denver,Denver,CO
36,W-3490359,Snow,Moderate,1/25/22 16:36,0.06,KDEN,39.8466,-104.6562,Denver,Denver,CO
37,W-3490360,Snow,Light,1/25/22 17:16,0.08,KDEN,39.8466,-104.6562,Denver,Denver,CO
38,W-3490361,Snow,Light,1/25/22 21:41,0.0,KDEN,39.8466,-104.6562,Denver,Denver,CO
39,W-3490362,Snow,Light,1/27/22 14:53,0.07,KDEN,39.8466,-104.6562,Denver,Denver,CO
40,W-3490363,Snow,Moderate,1/27/22 17:29,0.09,KDEN,39.8466,-104.6562,Denver,Denver,CO
41,W-3490364,Snow,Light,1/27/22 18:12,0.02,KDEN,39.8466,-104.6562,Denver,Denver,CO
42,W-3490365,Snow,Moderate,1/27/22 18:53,0.05,KDEN,39.8466,-104.6562,Denver,Denver,CO
43,W-3490366,Snow,Light,1/27/22 19:07,0.03,KDEN,39.8466,-104.6562,Denver,Denver,CO
44,W-3490367,Snow,Light,2/1/22 22:53,0.32,KDEN,39.8466,-104.6562,Denver,Denver,CO
45,W-3490368,Fog,Severe,2/2/22 23:46,0.0,KDEN,39.8466,-104.6562,Denver,Denver,CO
46,W-3490369,Snow,Light,2/2/22 23:57,0.0,KDEN,39.8466,-104.6562,Denver,Denver,CO
47,W-3490370,Snow,Light,2/3/22 3:25,0.0,KDEN,39.8466,-104.6562,Denver,Denver,CO
48,W-3490371,Cold,Severe,2/3/22 11:53,0.0,KDEN,39.8466,-104.6562,Denver,Denver,CO
49,W-3490372,Snow,Light,2/10/22 3:49,0.0,KDEN,39.8466,-104.6562,Denver,Denver,CO
50,W-3490373,Snow,Light,2/10/22 4:53,0.0,KDEN,39.8466,-104.6562,Denver,Denver,CO
51,W-3490374,Snow,Light,2/11/22 19:46,0.0,KDEN,39.8466,-104.6562,Denver,Denver,CO
52,W-3490375,Snow,Moderate,2/11/22 21:53,0.24,KDEN,39.8466,-104.6562,Denver,Denver,CO
53,W-3490376,Snow,Light,2/11/22 23:10,0.08,KDEN,39.8466,-104.6562,Denver,Denver,CO
54,W-3490377,Snow,Moderate,2/12/22 1:45,0.11,KDEN,39.8466,-104.6562,Denver,Denver,CO
55,W-3490378,Snow,Light,2/12/22 2:00,0.1,KDEN,39.8466,-104.6562,Denver,Denver,CO
56,W-3490379,Snow,Light,2/12/22 5:01,0.0,KDEN,39.8466,-104.6562,Denver,Denver,CO
57,W-3490380,Snow,Light,2/12/22 6:41,0.0,KDEN,39.8466,-104.6562,Denver,Denver,CO
58,W-3490381,Snow,Light,2/16/22 21:11,0.01,KDEN,39.8466,-104.6562,Denver,Denver,CO
59,W-3490382,Fog,Severe,2/16/22 22:15,0.0,KDEN,39.8466,-104.6562,Denver,Denver,CO
60,W-3490383,Snow,Light,2/16/22 22:29,0.04,KDEN,39.8466,-104.6562,Denver,Denver,CO
61,W-3490384,Snow,Moderate,2/16/22 23:53,0.06,KDEN,39.8466,-104.6562,Denver,Denver,CO
62,W-3490385,Snow,Heavy,2/17/22 0:45,0.14,KDEN,39.8466,-104.6562,Denver,Denver,CO
63,W-3490386,Snow,Light,2/17/22 1:24,0.04,KDEN,39.8466,-104.6562,Denver,Denver,CO
64,W-3490387,Snow,Moderate,2/17/22 1:41,0.1,KDEN,39.8466,-104.6562,Denver,Denver,CO
65,W-3490388,Snow,Light,2/17/22 3:14,0.12,KDEN,39.8466,-104.6562,Denver,Denver,CO
66,W-3490389,Snow,Moderate,2/17/22 7:30,0.06,KDEN,39.8466,-104.6562,Denver,Denver,CO
67,W-3490390,Snow,Light,2/17/22 8:53,0.0,KDEN,39.8466,-104.6562,Denver,Denver,CO
68,W-3490391,Snow,Light,2/17/22 15:42,0.0,KDEN,39.8466,-104.6562,Denver,Denver,CO
69,W-3490392,Snow,Light,2/21/22 22:11,0.05,KDEN,39.8466,-104.6562,Denver,Denver,CO
70,W-3490393,Snow,Light,2/22/22 16:42,0.01,KDEN,39.8466,-104.6562,Denver,Denver,CO
71,W-3490394,Snow,Light,2/22/22 19:58,0.0,KDEN,39.8466,-104.6562,Denver,Denver,CO
72,W-3490395,Snow,Light,2/22/22 20:50,0.0,KDEN,39.8466,-104.6562,Denver,Denver,CO
73,W-3490396,Fog,Moderate,2/22/22 22:03,0.0,KDEN,39.8466,-104.6562,Denver,Denver,CO
74,W-3490397,Snow,Light,2/22/22 22:11,0.09,KDEN,39.8466,-104.6562,Denver,Denver,CO
75,W-3490398,Snow,Light,2/23/22 13:02,0.0,KDEN,39.8466,-104.6562,Denver,Denver,CO
76,W-3490399,Fog,Moderate,2/23/22 23:53,0.0,KDEN,39.8466,-104.6562,Denver,Denver,CO
77,W-3490400,Snow,Light,2/24/22 2:53,0.05,KDEN,39.8466,-104.6562,Denver,Denver,CO
78,W-3490401,Snow,Moderate,2/24/22 7:53,0.08,KDEN,39.8466,-104.6562,Denver,Denver,CO
79,W-3490402,Snow,Light,2/24/22 9:00,0.05,KDEN,39.8466,-104.6562,Denver,Denver,CO
80,W-3490403,Snow,Moderate,2/24/22 13:53,0.03,KDEN,39.8466,-104.6562,Denver,Denver,CO
81,W-3490404,Snow,Light,3/5/22 12:29,0.0,KDEN,39.8466,-104.6562,Denver,Denver,CO
82,W-3490405,Snow,Light,3/5/22 14:59,0.0,KDEN,39.8466,-104.6562,Denver,Denver,CO
83,W-3490406,Fog,Severe,3/5/22 16:11,0.0,KDEN,39.8466,-104.6562,Denver,Denver,CO
84,W-3490407,Snow,Light,3/5/22 16:47,0.0,KDEN,39.8466,-104.6562,Denver,Denver,CO
85,W-3490408,Snow,Light,3/6/22 4:15,0.03,KDEN,39.8466,-104.6562,Denver,Denver,CO
86,W-3490409,Snow,Heavy,3/6/22 5:35,0.18,KDEN,39.8466,-104.6562,Denver,Denver,CO
87,W-3490410,Snow,Light,3/6/22 5:58,0.01,KDEN,39.8466,-104.6562,Denver,Denver,CO
88,W-3490411,Snow,Moderate,3/6/22 6:15,0.1,KDEN,39.8466,-104.6562,Denver,Denver,CO
89,W-3490412,Snow,Light,3/6/22 7:34,0.0,KDEN,39.8466,-104.6562,Denver,Denver,CO
90,W-3490413,Snow,Light,3/6/22 11:40,0.18,KDEN,39.8466,-104.6562,Denver,Denver,CO
91,W-3490414,Fog,Severe,3/9/22 10:02,0.0,KDEN,39.8466,-104.6562,Denver,Denver,CO
92,W-3490415,Snow,Light,3/9/22 12:53,0.11,KDEN,39.8466,-104.6562,Denver,Denver,CO
93,W-3490416,Snow,Moderate,3/10/22 0:40,0.07,KDEN,39.8466,-104.6562,Denver,Denver,CO
94,W-3490417,Snow,Light,3/10/22 1:00,0.04,KDEN,39.8466,-104.6562,Denver,Denver,CO
95,W-3490418,Rain,Light,3/17/22 0:53,0.0,KDEN,39.8466,-104.6562,Denver,Denver,CO
96,W-3490419,Rain,Light,3/17/22 3:53,0.1,KDEN,39.8466,-104.6562,Denver,Denver,CO
97,W-3490420,Snow,Moderate,3/17/22 6:25,0.06,KDEN,39.8466,-104.6562,Denver,Denver,CO
98,W-3490421,Snow,Heavy,3/17/22 6:53,0.39,KDEN,39.8466,-104.6562,Denver,Denver,CO
99,W-3490422,Snow,Light,3/17/22 9:21,0.02,KDEN,39.8466,-104.6562,Denver,Denver,CO
100,W-3490423,Snow,Moderate,3/17/22 9:53,0.03,KDEN,39.8466,-104.6562,Denver,Denver,CO
101,W-3490424,Snow,Light,3/17/22 10:53,0.08,KDEN,39.8466,-104.6562,Denver,Denver,CO
102,W-3490425,Fog,Severe,3/17/22 20:53,0.0,KDEN,39.8466,-104.6562,Denver,Denver,CO
103,W-3490426,Snow,Light,3/18/22 5:11,0.0,KDEN,39.8466,-104.6562,Denver,Denver,CO
104,W-3490427,Snow,Light,3/21/22 13:07,0.0,KDEN,39.8466,-104.6562,Denver,Denver,CO
105,W-3490428,Snow,Light,3/21/22 16:06,0.0,KDEN,39.8466,-104.6562,Denver,Denver,CO
106,W-3490429,Snow,Light,3/22/22 18:10,0.0,KDEN,39.8466,-104.6562,Denver,Denver,CO
107,W-3490430,Snow,Light,3/22/22 20:41,0.0,KDEN,39.8466,-104.6562,Denver,Denver,CO
108,W-3490431,Snow,Light,3/22/22 21:06,0.0,KDEN,39.8466,-104.6562,Denver,Denver,CO
109,W-3490432,Rain,Light,3/22/22 21:30,0.0,KDEN,39.8466,-104.6562,Denver,Denver,CO
110,W-3490433,Snow,Light,3/22/22 21:57,0.0,KDEN,39.8466,-104.6562,Denver,Denver,CO
111,W-3490434,Snow,Light,3/22/22 22:28,0.0,KDEN,39.8466,-104.6562,Denver,Denver,CO
112,W-3490435,Snow,Light,3/22/22 23:04,0.0,KDEN,39.8466,-104.6562,Denver,Denver,CO
113,W-3490436,Storm,Severe,3/22/22 23:39,0.0,KDEN,39.8466,-104.6562,Denver,Denver,CO
114,W-3490437,Storm,Severe,3/23/22 16:53,0.0,KDEN,39.8466,-104.6562,Denver,Denver,CO
115,W-3490438,Rain,Light,3/29/22 15:53,0.0,KDEN,39.8466,-104.6562,Denver,Denver,CO
116,W-3490439,Rain,Light,3/29/22 17:53,0.07,KDEN,39.8466,-104.6562,Denver,Denver,CO
117,W-3490440,Rain,Light,3/29/22 22:33,0.07,KDEN,39.8466,-104.6562,Denver,Denver,CO
118,W-3490441,Rain,Light,3/30/22 0:32,0.0,KDEN,39.8466,-104.6562,Denver,Denver,CO
119,W-3490442,Snow,Light,3/30/22 1:41,0.0,KDEN,39.8466,-104.6562,Denver,Denver,CO
120,W-3490443,Snow,Light,3/30/22 1:53,0.01,KDEN,39.8466,-104.6562,Denver,Denver,CO
121,W-3490444,Snow,Moderate,3/30/22 3:47,0.06,KDEN,39.8466,-104.6562,Denver,Denver,CO
122,W-3490445,Snow,Light,3/30/22 4:42,0.02,KDEN,39.8466,-104.6562,Denver,Denver,CO
123,W-3490446,Snow,Light,3/31/22 0:53,0.0,KDEN,39.8466,-104.6562,Denver,Denver,CO
124,W-3490447,Rain,Light,4/5/22 17:53,0.0,KDEN,39.8466,-104.6562,Denver,Denver,CO
125,W-3490448,Storm,Severe,4/5/22 22:29,0.0,KDEN,39.8466,-104.6562,Denver,Denver,CO
126,W-3490449,Rain,Light,4/10/22 8:53,0.0,KDEN,39.8466,-104.6562,Denver,Denver,CO
127,W-3490450,Rain,Light,4/10/22 10:09,0.0,KDEN,39.8466,-104.6562,Denver,Denver,CO
128,W-3490451,Storm,Severe,4/10/22 21:53,0.0,KDEN,39.8466,-104.6562,Denver,Denver,CO
129,W-3490452,Rain,Light,4/17/22 7:53,0.0,KDEN,39.8466,-104.6562,Denver,Denver,CO
130,W-3490453,Storm,Severe,4/17/22 22:53,0.0,KDEN,39.8466,-104.6562,Denver,Denver,CO
131,W-3490454,Rain,Light,4/27/22 22:16,0.0,KDEN,39.8466,-104.6562,Denver,Denver,CO
132,W-3490455,Rain,Light,4/29/22 19:12,0.05,KDEN,39.8466,-104.6562,Denver,Denver,CO
133,W-3490456,Rain,Light,5/2/22 4:53,0.03,KDEN,39.8466,-104.6562,Denver,Denver,CO
134,W-3490457,Rain,Light,5/2/22 6:22,0.02,KDEN,39.8466,-104.6562,Denver,Denver,CO
135,W-3490458,Rain,Moderate,5/2/22 7:29,0.12,KDEN,39.8466,-104.6562,Denver,Denver,CO
136,W-3490459,Rain,Moderate,5/2/22 7:53,0.25,KDEN,39.8466,-104.6562,Denver,Denver,CO
137,W-3490460,Rain,Light,5/2/22 8:01,0.12,KDEN,39.8466,-104.6562,Denver,Denver,CO
138,W-3490461,Rain,Moderate,5/2/22 8:28,0.57,KDEN,39.8466,-104.6562,Denver,Denver,CO
139,W-3490462,Rain,Light,5/2/22 9:00,0.35,KDEN,39.8466,-104.6562,Denver,Denver,CO
140,W-3490463,Rain,Light,5/2/22 12:53,0.0,KDEN,39.8466,-104.6562,Denver,Denver,CO
141,W-3490464,Snow,Light,5/2/22 14:05,0.02,KDEN,39.8466,-104.6562,Denver,Denver,CO
142,W-3490465,Snow,Moderate,5/2/22 14:09,0.03,KDEN,39.8466,-104.6562,Denver,Denver,CO
143,W-3490466,Snow,Heavy,5/2/22 14:32,0.14,KDEN,39.8466,-104.6562,Denver,Denver,CO
144,W-3490467,Fog,Severe,5/2/22 14:53,0.0,KDEN,39.8466,-104.6562,Denver,Denver,CO
145,W-3490468,Snow,Light,5/2/22 15:06,0.0,KDEN,39.8466,-104.6562,Denver,Denver,CO
146,W-3490469,Rain,Light,5/2/22 15:33,0.0,KDEN,39.8466,-104.6562,Denver,Denver,CO
147,W-3490470,Fog,Severe,5/3/22 8:34,0.0,KDEN,39.8466,-104.6562,Denver,Denver,CO
148,W-3490471,Rain,Light,5/4/22 6:53,0.02,KDEN,39.8466,-104.6562,Denver,Denver,CO
149,W-3490472,Fog,Severe,5/4/22 12:37,0.0,KDEN,39.8466,-104.6562,Denver,Denver,CO
150,W-3490473,Rain,Light,5/4/22 17:45,0.05,KDEN,39.8466,-104.6562,Denver,Denver,CO
151,W-3490474,Rain,Light,5/5/22 6:53,0.05,KDEN,39.8466,-104.6562,Denver,Denver,CO
152,W-3490475,Storm,Severe,5/8/22 1:09,0.0,KDEN,39.8466,-104.6562,Denver,Denver,CO
153,W-3490476,Fog,Moderate,5/20/22 2:37,0.0,KDEN,39.8466,-104.6562,Denver,Denver,CO
154,W-3490477,Snow,Light,5/20/22 11:13,0.0,KDEN,39.8466,-104.6562,Denver,Denver,CO
155,W-3490478,Rain,Light,5/20/22 12:12,0.0,KDEN,39.8466,-104.6562,Denver,Denver,CO
156,W-3490479,Rain,Light,5/20/22 14:53,0.0,KDEN,39.8466,-104.6562,Denver,Denver,CO
157,W-3490480,Snow,Moderate,5/20/22 19:49,0.06,KDEN,39.8466,-104.6562,Denver,Denver,CO
158,W-3490481,Snow,Light,5/20/22 19:57,0.01,KDEN,39.8466,-104.6562,Denver,Denver,CO
159,W-3490482,Snow,Moderate,5/20/22 20:53,0.05,KDEN,39.8466,-104.6562,Denver,Denver,CO
160,W-3490483,Snow,Light,5/20/22 21:17,0.11,KDEN,39.8466,-104.6562,Denver,Denver,CO
161,W-3490484,Snow,Moderate,5/20/22 23:42,0.11,KDEN,39.8466,-104.6562,Denver,Denver,CO
162,W-3490485,Snow,Light,5/21/22 1:14,0.01,KDEN,39.8466,-104.6562,Denver,Denver,CO
163,W-3490486,Snow,Moderate,5/21/22 1:53,0.08,KDEN,39.8466,-104.6562,Denver,Denver,CO
164,W-3490487,Snow,Light,5/21/22 3:04,0.03,KDEN,39.8466,-104.6562,Denver,Denver,CO
165,W-3490488,Snow,Moderate,5/21/22 3:53,0.03,KDEN,39.8466,-104.6562,Denver,Denver,CO
166,W-3490489,Snow,Light,5/21/22 4:03,0.03,KDEN,39.8466,-104.6562,Denver,Denver,CO
167,W-3490490,Snow,Moderate,5/21/22 4:53,0.12,KDEN,39.8466,-104.6562,Denver,Denver,CO
168,W-3490491,Snow,Heavy,5/21/22 5:53,0.08,KDEN,39.8466,-104.6562,Denver,Denver,CO
169,W-3490492,Snow,Light,5/21/22 6:13,0.02,KDEN,39.8466,-104.6562,Denver,Denver,CO
170,W-3490493,Snow,Moderate,5/21/22 6:35,0.1,KDEN,39.8466,-104.6562,Denver,Denver,CO
171,W-3490494,Snow,Light,5/21/22 8:10,0.2,KDEN,39.8466,-104.6562,Denver,Denver,CO
172,W-3490495,Snow,Light,5/21/22 11:43,0.02,KDEN,39.8466,-104.6562,Denver,Denver,CO
173,W-3490496,Fog,Severe,5/24/22 11:12,0.0,KDEN,39.8466,-104.6562,Denver,Denver,CO
174,W-3490497,Fog,Severe,5/24/22 12:40,0.0,KDEN,39.8466,-104.6562,Denver,Denver,CO
175,W-3490498,Rain,Light,5/29/22 21:18,0.0,KDEN,39.8466,-104.6562,Denver,Denver,CO
176,W-3490499,Rain,Light,5/29/22 22:53,0.0,KDEN,39.8466,-104.6562,Denver,Denver,CO
177,W-3490500,Rain,Light,5/29/22 23:53,0.0,KDEN,39.8466,-104.6562,Denver,Denver,CO
178,W-3490501,Rain,Light,5/30/22 3:53,0.02,KDEN,39.8466,-104.6562,Denver,Denver,CO
179,W-3490502,Rain,Light,5/30/22 8:53,0.0,KDEN,39.8466,-104.6562,Denver,Denver,CO
180,W-3490503,Rain,Light,5/31/22 22:53,0.37,KDEN,39.8466,-104.6562,Denver,Denver,CO
181,W-3490504,Rain,Moderate,6/1/22 2:53,0.11,KDEN,39.8466,-104.6562,Denver,Denver,CO
182,W-3490505,Rain,Light,6/1/22 3:24,0.08,KDEN,39.8466,-104.6562,Denver,Denver,CO
183,W-3490506,Rain,Moderate,6/1/22 3:53,0.13,KDEN,39.8466,-104.6562,Denver,Denver,CO
184,W-3490507,Rain,Light,6/1/22 4:33,0.09,KDEN,39.8466,-104.6562,Denver,Denver,CO
185,W-3490508,Rain,Moderate,6/1/22 5:53,0.11,KDEN,39.8466,-104.6562,Denver,Denver,CO
186,W-3490509,Rain,Light,6/1/22 6:53,0.53,KDEN,39.8466,-104.6562,Denver,Denver,CO
187,W-3490510,Rain,Moderate,6/1/22 15:53,0.1,KDEN,39.8466,-104.6562,Denver,Denver,CO
188,W-3490511,Rain,Light,6/1/22 16:20,0.04,KDEN,39.8466,-104.6562,Denver,Denver,CO
189,W-3490512,Rain,Light,6/3/22 22:53,0.0,KDEN,39.8466,-104.6562,Denver,Denver,CO
190,W-3490513,Rain,Light,6/6/22 2:53,0.0,KDEN,39.8466,-104.6562,Denver,Denver,CO
191,W-3490514,Rain,Light,6/6/22 22:26,0.0,KDEN,39.8466,-104.6562,Denver,Denver,CO
192,W-3490515,Rain,Light,6/6/22 23:48,0.0,KDEN,39.8466,-104.6562,Denver,Denver,CO
193,W-3490516,Rain,Light,6/13/22 0:43,0.01,KDEN,39.8466,-104.6562,Denver,Denver,CO
194,W-3490517,Rain,Light,6/25/22 1:53,0.0,KDEN,39.8466,-104.6562,Denver,Denver,CO
195,W-3490518,Rain,Light,6/30/22 4:45,0.02,KDEN,39.8466,-104.6562,Denver,Denver,CO
196,W-3490519,Rain,Light,6/30/22 19:53,0.0,KDEN,39.8466,-104.6562,Denver,Denver,CO
197,W-3490520,Rain,Light,7/2/22 2:53,0.0,KDEN,39.8466,-104.6562,Denver,Denver,CO
198,W-3490521,Rain,Light,7/4/22 1:53,0.0,KDEN,39.8466,-104.6562,Denver,Denver,CO
199,W-3490522,Rain,Light,7/5/22 3:58,0.0,KDEN,39.8466,-104.6562,Denver,Denver,CO
200,W-3490523,Rain,Light,7/5/22 22:40,0.0,KDEN,39.8466,-104.6562,Denver,Denver,CO
201,W-3490524,Rain,Light,7/7/22 0:03,0.0,KDEN,39.8466,-104.6562,Denver,Denver,CO
202,W-3490525,Rain,Light,7/7/22 1:29,0.01,KDEN,39.8466,-104.6562,Denver,Denver,CO
203,W-3490526,Rain,Light,7/7/22 23:15,0.0,KDEN,39.8466,-104.6562,Denver,Denver,CO
204,W-3490527,Hail,Other,7/7/22 23:18,0.0,KDEN,39.8466,-104.6562,Denver,Denver,CO
205,W-3490528,Precipitation,UNK,7/7/22 23:32,0.59,KDEN,39.8466,-104.6562,Denver,Denver,CO
206,W-3490529,Rain,Light,7/11/22 1:20,0.03,KDEN,39.8466,-104.6562,Denver,Denver,CO
207,W-3490530,Rain,Light,7/13/22 0:40,0.0,KDEN,39.8466,-104.6562,Denver,Denver,CO
208,W-3490531,Rain,Light,7/15/22 0:32,0.0,KDEN,39.8466,-104.6562,Denver,Denver,CO
209,W-3490532,Rain,Light,7/15/22 1:41,0.01,KDEN,39.8466,-104.6562,Denver,Denver,CO
210,W-3490533,Rain,Light,7/16/22 0:44,0.0,KDEN,39.8466,-104.6562,Denver,Denver,CO
211,W-3490534,Rain,Light,7/16/22 1:53,0.0,KDEN,39.8466,-104.6562,Denver,Denver,CO
212,W-3490535,Rain,Light,7/16/22 6:53,0.0,KDEN,39.8466,-104.6562,Denver,Denver,CO
213,W-3490536,Rain,Light,7/18/22 21:27,0.0,KDEN,39.8466,-104.6562,Denver,Denver,CO
214,W-3490537,Rain,Light,7/19/22 1:14,0.0,KDEN,39.8466,-104.6562,Denver,Denver,CO
215,W-3490538,Rain,Light,7/19/22 23:31,0.0,KDEN,39.8466,-104.6562,Denver,Denver,CO
216,W-3490539,Rain,Light,7/20/22 3:17,0.0,KDEN,39.8466,-104.6562,Denver,Denver,CO
217,W-3490540,Rain,Light,7/21/22 1:22,0.0,KDEN,39.8466,-104.6562,Denver,Denver,CO
218,W-3490541,Rain,Light,7/23/22 23:02,0.0,KDEN,39.8466,-104.6562,Denver,Denver,CO
219,W-3490542,Rain,Light,7/23/22 23:40,0.0,KDEN,39.8466,-104.6562,Denver,Denver,CO
220,W-3490543,Rain,Light,7/24/22 3:53,0.07,KDEN,39.8466,-104.6562,Denver,Denver,CO
221,W-3490544,Rain,Light,7/24/22 23:53,0.0,KDEN,39.8466,-104.6562,Denver,Denver,CO
222,W-3490545,Rain,Light,7/25/22 1:53,0.01,KDEN,39.8466,-104.6562,Denver,Denver,CO
223,W-3490546,Rain,Light,7/27/22 4:11,0.0,KDEN,39.8466,-104.6562,Denver,Denver,CO
224,W-3490547,Rain,Light,7/28/22 12:02,0.03,KDEN,39.8466,-104.6562,Denver,Denver,CO
225,W-3490548,Rain,Moderate,7/30/22 0:29,0.38,KDEN,39.8466,-104.6562,Denver,Denver,CO
226,W-3490549,Precipitation,UNK,7/30/22 0:53,0.19,KDEN,39.8466,-104.6562,Denver,Denver,CO
227,W-3490550,Rain,Light,8/4/22 1:41,0.0,KDEN,39.8466,-104.6562,Denver,Denver,CO
228,W-3490551,Rain,Light,8/7/22 4:17,0.08,KDEN,39.8466,-104.6562,Denver,Denver,CO
229,W-3490552,Rain,Light,8/8/22 2:04,0.0,KDEN,39.8466,-104.6562,Denver,Denver,CO
230,W-3490553,Rain,Light,8/8/22 3:10,0.0,KDEN,39.8466,-104.6562,Denver,Denver,CO
231,W-3490554,Rain,Light,8/8/22 4:53,0.0,KDEN,39.8466,-104.6562,Denver,Denver,CO
232,W-3490555,Rain,Light,8/14/22 22:53,0.0,KDEN,39.8466,-104.6562,Denver,Denver,CO
233,W-3490556,Rain,Light,8/15/22 6:41,0.0,KDEN,39.8466,-104.6562,Denver,Denver,CO
234,W-3490557,Rain,Light,8/15/22 23:50,0.0,KDEN,39.8466,-104.6562,Denver,Denver,CO
235,W-3490558,Rain,Light,8/16/22 0:27,0.13,KDEN,39.8466,-104.6562,Denver,Denver,CO
236,W-3490559,Rain,Light,8/16/22 7:53,0.0,KDEN,39.8466,-104.6562,Denver,Denver,CO
237,W-3490560,Rain,Light,8/16/22 16:06,0.02,KDEN,39.8466,-104.6562,Denver,Denver,CO
238,W-3490561,Rain,Light,8/16/22 17:53,0.11,KDEN,39.8466,-104.6562,Denver,Denver,CO
239,W-3490562,Fog,Severe,8/17/22 13:49,0.0,KDEN,39.8466,-104.6562,Denver,Denver,CO
240,W-3490563,Rain,Light,8/21/22 0:53,0.0,KDEN,39.8466,-104.6562,Denver,Denver,CO
241,W-3490564,Precipitation,UNK,8/21/22 23:08,3.6,KDEN,39.8466,-104.6562,Denver,Denver,CO
242,W-3490565,Rain,Light,8/22/22 0:53,0.05,KDEN,39.8466,-104.6562,Denver,Denver,CO
243,W-3490566,Rain,Light,8/22/22 1:21,0.09,KDEN,39.8466,-104.6562,Denver,Denver,CO
244,W-3490567,Rain,Light,8/25/22 23:53,0.0,KDEN,39.8466,-104.6562,Denver,Denver,CO
245,W-3490568,Rain,Light,8/26/22 2:53,0.0,KDEN,39.8466,-104.6562,Denver,Denver,CO
246,W-3490569,Rain,Light,8/28/22 23:48,0.0,KDEN,39.8466,-104.6562,Denver,Denver,CO
247,W-3490570,Rain,Light,8/29/22 0:18,0.0,KDEN,39.8466,-104.6562,Denver,Denver,CO
248,W-3490571,Rain,Light,8/29/22 1:15,0.0,KDEN,39.8466,-104.6562,Denver,Denver,CO
249,W-3490572,Rain,Light,9/3/22 3:53,0.0,KDEN,39.8466,-104.6562,Denver,Denver,CO
250,W-3490573,Precipitation,UNK,9/3/22 4:31,1.07,KDEN,39.8466,-104.6562,Denver,Denver,CO
251,W-3490574,Rain,Light,9/3/22 5:13,0.13,KDEN,39.8466,-104.6562,Denver,Denver,CO
252,W-3490575,Rain,Light,9/10/22 2:53,0.02,KDEN,39.8466,-104.6562,Denver,Denver,CO
253,W-3490576,Rain,Light,9/10/22 4:53,0.05,KDEN,39.8466,-104.6562,Denver,Denver,CO
254,W-3490577,Fog,Severe,9/10/22 6:49,0.0,KDEN,39.8466,-104.6562,Denver,Denver,CO
255,W-3490578,Rain,Light,9/10/22 9:53,0.23,KDEN,39.8466,-104.6562,Denver,Denver,CO
256,W-3490579,Fog,Severe,9/10/22 14:53,0.0,KDEN,39.8466,-104.6562,Denver,Denver,CO
257,W-3490580,Rain,Light,9/10/22 17:07,0.0,KDEN,39.8466,-104.6562,Denver,Denver,CO
258,W-3490581,Fog,Severe,9/10/22 17:47,0.0,KDEN,39.8466,-104.6562,Denver,Denver,CO
259,W-3490582,Rain,Light,9/10/22 18:53,0.0,KDEN,39.8466,-104.6562,Denver,Denver,CO
260,W-3490583,Rain,Light,9/10/22 20:25,0.01,KDEN,39.8466,-104.6562,Denver,Denver,CO
261,W-3490584,Rain,Light,9/10/22 22:22,0.02,KDEN,39.8466,-104.6562,Denver,Denver,CO
262,W-3490585,Rain,Light,9/11/22 0:53,0.0,KDEN,39.8466,-104.6562,Denver,Denver,CO
263,W-3490586,Fog,Severe,9/11/22 12:01,0.0,KDEN,39.8466,-104.6562,Denver,Denver,CO
264,W-3490587,Rain,Light,9/14/22 23:53,0.04,KDEN,39.8466,-104.6562,Denver,Denver,CO
265,W-3490588,Rain,Light,9/16/22 1:53,0.0,KDEN,39.8466,-104.6562,Denver,Denver,CO
266,W-3490589,Rain,Light,9/21/22 21:36,0.0,KDEN,39.8466,-104.6562,Denver,Denver,CO
267,W-3490590,Rain,Light,9/21/22 22:49,0.19,KDEN,39.8466,-104.6562,Denver,Denver,CO
268,W-3490591,Rain,Light,9/22/22 6:53,0.06,KDEN,39.8466,-104.6562,Denver,Denver,CO
269,W-3490592,Rain,Light,9/30/22 23:53,0.0,KDEN,39.8466,-104.6562,Denver,Denver,CO
270,W-3490593,Rain,Moderate,10/1/22 0:53,0.1,KDEN,39.8466,-104.6562,Denver,Denver,CO
271,W-3490594,Rain,Light,10/1/22 2:53,0.02,KDEN,39.8466,-104.6562,Denver,Denver,CO
272,W-3490595,Rain,Moderate,10/1/22 4:53,0.11,KDEN,39.8466,-104.6562,Denver,Denver,CO
273,W-3490596,Rain,Light,10/1/22 5:53,0.02,KDEN,39.8466,-104.6562,Denver,Denver,CO
274,W-3490597,Rain,Light,10/1/22 23:53,0.07,KDEN,39.8466,-104.6562,Denver,Denver,CO
275,W-3490598,Rain,Light,10/2/22 0:37,0.05,KDEN,39.8466,-104.6562,Denver,Denver,CO
276,W-3490599,Rain,Light,10/2/22 16:53,0.0,KDEN,39.8466,-104.6562,Denver,Denver,CO
277,W-3490600,Rain,Light,10/4/22 1:16,0.08,KDEN,39.8466,-104.6562,Denver,Denver,CO
278,W-3490601,Rain,Moderate,10/4/22 2:53,0.16,KDEN,39.8466,-104.6562,Denver,Denver,CO
279,W-3490602,Rain,Light,10/4/22 3:53,0.03,KDEN,39.8466,-104.6562,Denver,Denver,CO
280,W-3490603,Fog,Moderate,10/4/22 13:53,0.0,KDEN,39.8466,-104.6562,Denver,Denver,CO
281,W-3490604,Fog,Severe,10/4/22 14:25,0.0,KDEN,39.8466,-104.6562,Denver,Denver,CO
282,W-3490605,Rain,Light,10/7/22 5:53,0.0,KDEN,39.8466,-104.6562,Denver,Denver,CO
283,W-3490606,Fog,Severe,10/7/22 10:36,0.0,KDEN,39.8466,-104.6562,Denver,Denver,CO
284,W-3490607,Fog,Severe,10/7/22 14:57,0.0,KDEN,39.8466,-104.6562,Denver,Denver,CO
285,W-3490608,Rain,Light,10/8/22 5:53,0.0,KDEN,39.8466,-104.6562,Denver,Denver,CO
286,W-3490609,Rain,Light,10/12/22 1:15,0.0,KDEN,39.8466,-104.6562,Denver,Denver,CO
287,W-3490610,Rain,Light,10/24/22 0:53,0.0,KDEN,39.8466,-104.6562,Denver,Denver,CO
288,W-3490611,Snow,Light,10/27/22 13:53,0.04,KDEN,39.8466,-104.6562,Denver,Denver,CO
289,W-3490612,Snow,Moderate,10/27/22 18:53,0.04,KDEN,39.8466,-104.6562,Denver,Denver,CO
290,W-3490613,Snow,Light,11/4/22 0:05,0.02,KDEN,39.8466,-104.6562,Denver,Denver,CO
291,W-3490614,Snow,Moderate,11/4/22 1:35,0.07,KDEN,39.8466,-104.6562,Denver,Denver,CO
292,W-3490615,Snow,Heavy,11/4/22 1:53,0.1,KDEN,39.8466,-104.6562,Denver,Denver,CO
293,W-3490616,Snow,Light,11/4/22 2:02,0.04,KDEN,39.8466,-104.6562,Denver,Denver,CO
294,W-3490617,Snow,Moderate,11/4/22 4:38,0.06,KDEN,39.8466,-104.6562,Denver,Denver,CO
295,W-3490618,Snow,Heavy,11/4/22 4:53,0.07,KDEN,39.8466,-104.6562,Denver,Denver,CO
296,W-3490619,Snow,Light,11/4/22 5:00,0.02,KDEN,39.8466,-104.6562,Denver,Denver,CO
297,W-3490620,Snow,Light,11/4/22 5:53,0.01,KDEN,39.8466,-104.6562,Denver,Denver,CO
298,W-3490621,Snow,Light,11/4/22 10:58,0.0,KDEN,39.8466,-104.6562,Denver,Denver,CO
299,W-3490622,Fog,Severe,11/4/22 13:38,0.0,KDEN,39.8466,-104.6562,Denver,Denver,CO
300,W-3490623,Fog,Severe,11/4/22 14:25,0.0,KDEN,39.8466,-104.6562,Denver,Denver,CO
301,W-3490624,Fog,Severe,11/4/22 15:12,0.0,KDEN,39.8466,-104.6562,Denver,Denver,CO
302,W-3490625,Snow,Light,11/4/22 16:04,0.0,KDEN,39.8466,-104.6562,Denver,Denver,CO
303,W-3490626,Fog,Severe,11/4/22 16:18,0.0,KDEN,39.8466,-104.6562,Denver,Denver,CO
304,W-3490627,Fog,Severe,11/9/22 12:24,0.0,KDEN,39.8466,-104.6562,Denver,Denver,CO
305,W-3490628,Fog,Severe,11/10/22 3:05,0.0,KDEN,39.8466,-104.6562,Denver,Denver,CO
306,W-3490629,Snow,Light,11/10/22 5:57,0.0,KDEN,39.8466,-104.6562,Denver,Denver,CO
307,W-3490630,Snow,Light,11/11/22 9:29,0.0,KDEN,39.8466,-104.6562,Denver,Denver,CO
308,W-3490631,Snow,Light,11/15/22 4:20,0.0,KDEN,39.8466,-104.6562,Denver,Denver,CO
309,W-3490632,Snow,Light,11/15/22 5:22,0.11,KDEN,39.8466,-104.6562,Denver,Denver,CO
310,W-3490633,Snow,Light,11/17/22 14:18,0.04,KDEN,39.8466,-104.6562,Denver,Denver,CO
311,W-3490634,Snow,Light,11/17/22 19:43,0.16,KDEN,39.8466,-104.6562,Denver,Denver,CO
312,W-3490635,Snow,Light,11/24/22 7:02,0.0,KDEN,39.8466,-104.6562,Denver,Denver,CO
313,W-3490636,Snow,Light,11/29/22 6:53,0.21,KDEN,39.8466,-104.6562,Denver,Denver,CO
314,W-3490637,Fog,Moderate,11/30/22 13:53,0.0,KDEN,39.8466,-104.6562,Denver,Denver,CO
315,W-3490638,Snow,Light,12/13/22 7:26,0.02,KDEN,39.8466,-104.6562,Denver,Denver,CO
316,W-3490639,Snow,Moderate,12/13/22 11:53,0.04,KDEN,39.8466,-104.6562,Denver,Denver,CO
317,W-3490640,Snow,Light,12/13/22 12:33,0.06,KDEN,39.8466,-104.6562,Denver,Denver,CO
318,W-3490641,Snow,Moderate,12/13/22 14:53,0.03,KDEN,39.8466,-104.6562,Denver,Denver,CO
319,W-3490642,Snow,Light,12/13/22 15:53,0.1,KDEN,39.8466,-104.6562,Denver,Denver,CO
320,W-3490643,Fog,Severe,12/13/22 22:53,0.0,KDEN,39.8466,-104.6562,Denver,Denver,CO
321,W-3490644,Snow,Light,12/13/22 23:28,0.0,KDEN,39.8466,-104.6562,Denver,Denver,CO
322,W-3490645,Snow,Light,12/14/22 5:16,0.02,KDEN,39.8466,-104.6562,Denver,Denver,CO
323,W-3490646,Snow,Light,12/21/22 23:30,0.01,KDEN,39.8466,-104.6562,Denver,Denver,CO
324,W-3490647,Snow,Moderate,12/22/22 2:53,0.1,KDEN,39.8466,-104.6562,Denver,Denver,CO
325,W-3490648,Snow,Heavy,12/22/22 3:53,0.12,KDEN,39.8466,-104.6562,Denver,Denver,CO
326,W-3490649,Snow,Light,12/22/22 3:57,0.02,KDEN,39.8466,-104.6562,Denver,Denver,CO
327,W-3490650,Snow,Moderate,12/22/22 4:40,0.13,KDEN,39.8466,-104.6562,Denver,Denver,CO
328,W-3490651,Snow,Light,12/22/22 6:04,0.02,KDEN,39.8466,-104.6562,Denver,Denver,CO
329,W-3490652,Cold,Severe,12/22/22 8:28,0.0,KDEN,39.8466,-104.6562,Denver,Denver,CO
330,W-3490653,Snow,Light,12/22/22 8:53,0.02,KDEN,39.8466,-104.6562,Denver,Denver,CO
331,W-3490654,Cold,Severe,12/22/22 9:53,0.0,KDEN,39.8466,-104.6562,Denver,Denver,CO
332,W-3490655,Cold,Severe,12/23/22 1:53,0.0,KDEN,39.8466,-104.6562,Denver,Denver,CO
333,W-3490656,Snow,Light,12/26/22 8:46,0.0,KDEN,39.8466,-104.6562,Denver,Denver,CO
334,W-3490657,Snow,Light,12/26/22 11:40,0.0,KDEN,39.8466,-104.6562,Denver,Denver,CO
335,W-3490658,Rain,Light,12/28/22 22:53,0.26,KDEN,39.8466,-104.6562,Denver,Denver,CO
336,W-3490659,Snow,Moderate,12/29/22 2:09,0.08,KDEN,39.8466,-104.6562,Denver,Denver,CO
337,W-3490660,Snow,Heavy,12/29/22 2:53,0.1,KDEN,39.8466,-104.6562,Denver,Denver,CO
338,W-3490661,Snow,Light,12/29/22 3:06,0.01,KDEN,39.8466,-104.6562,Denver,Denver,CO
339,W-3490662,Snow,Heavy,12/29/22 3:53,0.24,KDEN,39.8466,-104.6562,Denver,Denver,CO
340,W-3490663,Snow,Light,12/29/22 4:59,0.01,KDEN,39.8466,-104.6562,Denver,Denver,CO
341,W-3490664,Snow,Heavy,12/29/22 5:50,0.19,KDEN,39.8466,-104.6562,Denver,Denver,CO
342,W-3490665,Snow,Moderate,12/29/22 6:53,0.05,KDEN,39.8466,-104.6562,Denver,Denver,CO
343,W-3490666,Snow,Light,12/29/22 7:53,0.02,KDEN,39.8466,-104.6562,Denver,Denver,CO
344,W-3490667,Snow,Moderate,12/29/22 8:53,0.03,KDEN,39.8466,-104.6562,Denver,Denver,CO
345,W-3490668,Snow,Light,12/29/22 9:34,0.03,KDEN,39.8466,-104.6562,Denver,Denver,CO
