EventId,Type,Severity,StartTime(UTC),EndTime(UTC),Precipitation(in),TimeZone,AirportCode,LocationLat,LocationLng,City,County,State,ZipCode
W-4041689,Rain,Light,1/1/22 5:41,1/1/22 8:53,0.05,US/Central,KDFW,32.8974,-97.022,Dallas,Dallas,TX,75261
W-4041690,Rain,Light,1/1/22 11:53,1/1/22 12:53,0,US/Central,KDFW,32.8974,-97.022,Dallas,Dallas,TX,75261
W-4041691,Rain,Light,1/8/22 13:53,1/8/22 14:42,0.02,US/Central,KDFW,32.8974,-97.022,Dallas,Dallas,TX,75261
W-4041692,Fog,Severe,1/8/22 15:39,1/8/22 18:53,0,US/Central,KDFW,32.8974,-97.022,Dallas,Dallas,TX,75261
W-4041693,Rain,Light,1/8/22 18:53,1/8/22 20:34,0.02,US/Central,KDFW,32.8974,-97.022,Dallas,Dallas,TX,75261
W-4041694,Fog,Severe,1/8/22 20:57,1/9/22 3:33,0,US/Central,KDFW,32.8974,-97.022,Dallas,Dallas,TX,75261
W-4041695,Fog,Severe,1/9/22 16:53,1/9/22 17:05,0,US/Central,KDFW,32.8974,-97.022,Dallas,Dallas,TX,75261
W-4041696,Rain,Light,1/9/22 17:05,1/9/22 17:26,0,US/Central,KDFW,32.8974,-97.022,Dallas,Dallas,TX,75261
W-4041697,Storm,Severe,1/15/22 10:53,1/15/22 11:53,0,US/Central,KDFW,32.8974,-97.022,Dallas,Dallas,TX,75261
W-4041698,Snow,Light,1/15/22 19:23,1/15/22 20:24,0,US/Central,KDFW,32.8974,-97.022,Dallas,Dallas,TX,75261
W-4041699,Rain,Light,1/19/22 14:53,1/19/22 16:53,0,US/Central,KDFW,32.8974,-97.022,Dallas,Dallas,TX,75261
W-4041700,Rain,Light,1/24/22 19:53,1/24/22 21:53,0,US/Central,KDFW,32.8974,-97.022,Dallas,Dallas,TX,75261
W-4041701,Fog,Severe,1/25/22 8:53,1/25/22 10:53,0,US/Central,KDFW,32.8974,-97.022,Dallas,Dallas,TX,75261
W-4041702,Rain,Light,1/27/22 3:53,1/27/22 4:53,0,US/Central,KDFW,32.8974,-97.022,Dallas,Dallas,TX,75261
W-4041703,Rain,Light,2/2/22 22:40,2/3/22 0:46,0.2,US/Central,KDFW,32.8974,-97.022,Dallas,Dallas,TX,75261
W-4041704,Rain,Moderate,2/3/22 0:46,2/3/22 0:55,0.46,US/Central,KDFW,32.8974,-97.022,Dallas,Dallas,TX,75261
W-4041705,Rain,Light,2/3/22 0:55,2/3/22 1:20,0.04,US/Central,KDFW,32.8974,-97.022,Dallas,Dallas,TX,75261
W-4041706,Rain,Moderate,2/3/22 1:53,2/3/22 2:18,0.2,US/Central,KDFW,32.8974,-97.022,Dallas,Dallas,TX,75261
W-4041707,Rain,Light,2/3/22 4:14,2/3/22 4:53,0.07,US/Central,KDFW,32.8974,-97.022,Dallas,Dallas,TX,75261
W-4041708,Rain,Moderate,2/3/22 4:53,2/3/22 4:56,0.11,US/Central,KDFW,32.8974,-97.022,Dallas,Dallas,TX,75261
W-4041709,Rain,Light,2/3/22 4:56,2/3/22 5:22,0,US/Central,KDFW,32.8974,-97.022,Dallas,Dallas,TX,75261
W-4041710,Rain,Light,2/3/22 6:13,2/3/22 6:53,0.05,US/Central,KDFW,32.8974,-97.022,Dallas,Dallas,TX,75261
W-4041711,Snow,Light,2/3/22 9:37,2/3/22 11:27,0.05,US/Central,KDFW,32.8974,-97.022,Dallas,Dallas,TX,75261
W-4041712,Snow,Moderate,2/3/22 11:27,2/3/22 11:53,0.05,US/Central,KDFW,32.8974,-97.022,Dallas,Dallas,TX,75261
W-4041713,Snow,Heavy,2/3/22 11:53,2/3/22 12:53,0.08,US/Central,KDFW,32.8974,-97.022,Dallas,Dallas,TX,75261
W-4041714,Snow,Moderate,2/3/22 12:53,2/3/22 13:07,0.03,US/Central,KDFW,32.8974,-97.022,Dallas,Dallas,TX,75261
W-4041715,Snow,Light,2/3/22 13:07,2/3/22 14:53,0,US/Central,KDFW,32.8974,-97.022,Dallas,Dallas,TX,75261
W-4041716,Snow,Heavy,2/3/22 14:53,2/3/22 15:23,0.39,US/Central,KDFW,32.8974,-97.022,Dallas,Dallas,TX,75261
W-4041717,Snow,Moderate,2/3/22 15:23,2/3/22 15:34,0.04,US/Central,KDFW,32.8974,-97.022,Dallas,Dallas,TX,75261
W-4041718,Snow,Heavy,2/3/22 15:34,2/3/22 16:08,0.93,US/Central,KDFW,32.8974,-97.022,Dallas,Dallas,TX,75261
W-4041719,Snow,Light,2/3/22 16:08,2/3/22 16:23,0,US/Central,KDFW,32.8974,-97.022,Dallas,Dallas,TX,75261
W-4041720,Snow,Moderate,2/3/22 16:23,2/3/22 16:34,0.04,US/Central,KDFW,32.8974,-97.022,Dallas,Dallas,TX,75261
W-4041721,Snow,Heavy,2/3/22 16:34,2/3/22 18:06,7.47,US/Central,KDFW,32.8974,-97.022,Dallas,Dallas,TX,75261
W-4041722,Snow,Light,2/3/22 18:06,2/3/22 19:34,0,US/Central,KDFW,32.8974,-97.022,Dallas,Dallas,TX,75261
W-4041723,Snow,Light,2/3/22 23:07,2/4/22 0:11,0,US/Central,KDFW,32.8974,-97.022,Dallas,Dallas,TX,75261
W-4041724,Snow,Light,2/12/22 14:36,2/12/22 14:53,0,US/Central,KDFW,32.8974,-97.022,Dallas,Dallas,TX,75261
W-4041725,Rain,Light,2/17/22 0:53,2/17/22 1:10,0,US/Central,KDFW,32.8974,-97.022,Dallas,Dallas,TX,75261
W-4041726,Rain,Light,2/17/22 9:53,2/17/22 10:53,0.19,US/Central,KDFW,32.8974,-97.022,Dallas,Dallas,TX,75261
W-4041727,Rain,Light,2/22/22 5:20,2/22/22 5:34,0,US/Central,KDFW,32.8974,-97.022,Dallas,Dallas,TX,75261
W-4041728,Rain,Light,2/22/22 5:53,2/22/22 6:53,0,US/Central,KDFW,32.8974,-97.022,Dallas,Dallas,TX,75261
W-4041729,Rain,Light,2/22/22 8:53,2/22/22 9:20,0,US/Central,KDFW,32.8974,-97.022,Dallas,Dallas,TX,75261
W-4041730,Rain,Light,2/22/22 9:44,2/22/22 9:53,0,US/Central,KDFW,32.8974,-97.022,Dallas,Dallas,TX,75261
W-4041731,Rain,Moderate,2/22/22 10:00,2/22/22 10:30,0.19,US/Central,KDFW,32.8974,-97.022,Dallas,Dallas,TX,75261
W-4041732,Rain,Heavy,2/22/22 10:30,2/22/22 10:53,0.31,US/Central,KDFW,32.8974,-97.022,Dallas,Dallas,TX,75261
W-4041733,Precipitation,UNK,2/22/22 10:53,2/22/22 11:53,0.31,US/Central,KDFW,32.8974,-97.022,Dallas,Dallas,TX,75261
W-4041734,Rain,Light,2/23/22 10:41,2/23/22 11:10,0.13,US/Central,KDFW,32.8974,-97.022,Dallas,Dallas,TX,75261
W-4041735,Rain,Light,2/23/22 13:07,2/23/22 13:21,0,US/Central,KDFW,32.8974,-97.022,Dallas,Dallas,TX,75261
W-4041736,Rain,Light,2/23/22 14:21,2/23/22 14:27,0,US/Central,KDFW,32.8974,-97.022,Dallas,Dallas,TX,75261
W-4041737,Rain,Light,2/23/22 14:45,2/23/22 16:10,0,US/Central,KDFW,32.8974,-97.022,Dallas,Dallas,TX,75261
W-4041738,Rain,Light,2/23/22 18:36,2/23/22 19:25,0,US/Central,KDFW,32.8974,-97.022,Dallas,Dallas,TX,75261
W-4041739,Rain,Light,2/23/22 20:18,2/23/22 20:38,0,US/Central,KDFW,32.8974,-97.022,Dallas,Dallas,TX,75261
W-4041740,Rain,Light,2/24/22 2:53,2/24/22 4:15,0,US/Central,KDFW,32.8974,-97.022,Dallas,Dallas,TX,75261
W-4041741,Rain,Light,2/24/22 5:43,2/24/22 6:25,0,US/Central,KDFW,32.8974,-97.022,Dallas,Dallas,TX,75261
W-4041742,Rain,Light,2/24/22 6:53,2/24/22 7:53,0,US/Central,KDFW,32.8974,-97.022,Dallas,Dallas,TX,75261
W-4041743,Fog,Severe,2/24/22 16:53,2/24/22 17:33,0,US/Central,KDFW,32.8974,-97.022,Dallas,Dallas,TX,75261
W-4041744,Rain,Light,2/24/22 17:33,2/24/22 18:53,0,US/Central,KDFW,32.8974,-97.022,Dallas,Dallas,TX,75261
W-4041745,Rain,Light,2/26/22 20:53,2/26/22 21:53,0,US/Central,KDFW,32.8974,-97.022,Dallas,Dallas,TX,75261
W-4041746,Rain,Light,2/26/22 22:40,2/27/22 0:26,0,US/Central,KDFW,32.8974,-97.022,Dallas,Dallas,TX,75261
W-4041747,Rain,Light,2/27/22 0:49,2/27/22 1:46,0,US/Central,KDFW,32.8974,-97.022,Dallas,Dallas,TX,75261
W-4041748,Rain,Light,2/27/22 2:40,2/27/22 4:20,0,US/Central,KDFW,32.8974,-97.022,Dallas,Dallas,TX,75261
W-4041749,Rain,Light,3/5/22 14:53,3/5/22 15:19,0,US/Central,KDFW,32.8974,-97.022,Dallas,Dallas,TX,75261
W-4041750,Rain,Light,3/6/22 14:53,3/6/22 15:53,0,US/Central,KDFW,32.8974,-97.022,Dallas,Dallas,TX,75261
W-4041751,Rain,Light,3/6/22 16:30,3/6/22 16:53,0.01,US/Central,KDFW,32.8974,-97.022,Dallas,Dallas,TX,75261
W-4041752,Rain,Light,3/7/22 4:53,3/7/22 5:53,0.08,US/Central,KDFW,32.8974,-97.022,Dallas,Dallas,TX,75261
W-4041753,Rain,Moderate,3/7/22 5:53,3/7/22 6:53,0.11,US/Central,KDFW,32.8974,-97.022,Dallas,Dallas,TX,75261
W-4041754,Rain,Light,3/7/22 6:53,3/7/22 7:34,0.05,US/Central,KDFW,32.8974,-97.022,Dallas,Dallas,TX,75261
W-4041755,Rain,Light,3/7/22 8:53,3/7/22 9:53,0,US/Central,KDFW,32.8974,-97.022,Dallas,Dallas,TX,75261
W-4041756,Rain,Light,3/8/22 14:53,3/8/22 15:53,0,US/Central,KDFW,32.8974,-97.022,Dallas,Dallas,TX,75261
W-4041757,Fog,Moderate,3/9/22 12:53,3/9/22 13:53,0,US/Central,KDFW,32.8974,-97.022,Dallas,Dallas,TX,75261
W-4041758,Rain,Light,3/11/22 15:18,3/11/22 15:53,0,US/Central,KDFW,32.8974,-97.022,Dallas,Dallas,TX,75261
W-4041759,Rain,Light,3/15/22 0:09,3/15/22 0:23,0.01,US/Central,KDFW,32.8974,-97.022,Dallas,Dallas,TX,75261
W-4041760,Hail,Other,3/15/22 0:23,3/15/22 0:40,0,US/Central,KDFW,32.8974,-97.022,Dallas,Dallas,TX,75261
W-4041761,Rain,Light,3/15/22 0:40,3/15/22 1:22,0.07,US/Central,KDFW,32.8974,-97.022,Dallas,Dallas,TX,75261
W-4041762,Rain,Light,3/18/22 1:09,3/18/22 1:45,0,US/Central,KDFW,32.8974,-97.022,Dallas,Dallas,TX,75261
W-4041763,Rain,Light,3/21/22 14:53,3/21/22 15:13,0.01,US/Central,KDFW,32.8974,-97.022,Dallas,Dallas,TX,75261
W-4041764,Rain,Light,3/21/22 15:53,3/21/22 17:27,0.03,US/Central,KDFW,32.8974,-97.022,Dallas,Dallas,TX,75261
W-4041765,Rain,Light,3/21/22 17:53,3/21/22 19:53,0.08,US/Central,KDFW,32.8974,-97.022,Dallas,Dallas,TX,75261
W-4041766,Rain,Light,3/21/22 22:53,3/21/22 23:53,0,US/Central,KDFW,32.8974,-97.022,Dallas,Dallas,TX,75261
W-4041767,Precipitation,UNK,3/22/22 1:11,3/22/22 1:53,0.66,US/Central,KDFW,32.8974,-97.022,Dallas,Dallas,TX,75261
W-4041768,Rain,Heavy,3/22/22 1:53,3/22/22 2:10,0.44,US/Central,KDFW,32.8974,-97.022,Dallas,Dallas,TX,75261
W-4041769,Rain,Light,3/22/22 2:10,3/22/22 2:53,0,US/Central,KDFW,32.8974,-97.022,Dallas,Dallas,TX,75261
W-4041770,Fog,Moderate,3/22/22 3:53,3/22/22 4:53,0,US/Central,KDFW,32.8974,-97.022,Dallas,Dallas,TX,75261
W-4041771,Rain,Light,3/30/22 7:53,3/30/22 8:41,0.01,US/Central,KDFW,32.8974,-97.022,Dallas,Dallas,TX,75261
W-4041772,Rain,Light,3/30/22 9:06,3/30/22 9:10,0.06,US/Central,KDFW,32.8974,-97.022,Dallas,Dallas,TX,75261
W-4041773,Precipitation,UNK,3/30/22 9:10,3/30/22 9:31,0.84,US/Central,KDFW,32.8974,-97.022,Dallas,Dallas,TX,75261
W-4041774,Rain,Heavy,3/30/22 9:31,3/30/22 10:09,1.51,US/Central,KDFW,32.8974,-97.022,Dallas,Dallas,TX,75261
W-4041775,Rain,Light,3/30/22 12:53,3/30/22 14:53,0,US/Central,KDFW,32.8974,-97.022,Dallas,Dallas,TX,75261
W-4041776,Rain,Light,3/31/22 15:53,3/31/22 16:44,0,US/Central,KDFW,32.8974,-97.022,Dallas,Dallas,TX,75261
W-4041777,Rain,Light,4/2/22 6:53,4/2/22 7:53,0.02,US/Central,KDFW,32.8974,-97.022,Dallas,Dallas,TX,75261
W-4041778,Rain,Light,4/5/22 3:53,4/5/22 4:06,0,US/Central,KDFW,32.8974,-97.022,Dallas,Dallas,TX,75261
W-4041779,Precipitation,UNK,4/5/22 4:11,4/5/22 5:37,5.13,US/Central,KDFW,32.8974,-97.022,Dallas,Dallas,TX,75261
W-4041780,Rain,Light,4/5/22 6:08,4/5/22 6:53,0.04,US/Central,KDFW,32.8974,-97.022,Dallas,Dallas,TX,75261
W-4041781,Rain,Light,4/5/22 8:47,4/5/22 9:53,0,US/Central,KDFW,32.8974,-97.022,Dallas,Dallas,TX,75261
W-4041782,Fog,Moderate,4/5/22 12:53,4/5/22 13:53,0,US/Central,KDFW,32.8974,-97.022,Dallas,Dallas,TX,75261
W-4041783,Fog,Severe,4/5/22 13:53,4/5/22 14:53,0,US/Central,KDFW,32.8974,-97.022,Dallas,Dallas,TX,75261
W-4041784,Storm,Severe,4/6/22 10:53,4/6/22 11:53,0,US/Central,KDFW,32.8974,-97.022,Dallas,Dallas,TX,75261
W-4041785,Rain,Light,4/10/22 23:53,4/11/22 0:53,0,US/Central,KDFW,32.8974,-97.022,Dallas,Dallas,TX,75261
W-4041786,Rain,Light,4/11/22 16:04,4/11/22 16:25,0,US/Central,KDFW,32.8974,-97.022,Dallas,Dallas,TX,75261
W-4041787,Rain,Light,4/12/22 17:53,4/12/22 18:53,0.01,US/Central,KDFW,32.8974,-97.022,Dallas,Dallas,TX,75261
W-4041788,Rain,Light,4/13/22 0:29,4/13/22 0:39,0,US/Central,KDFW,32.8974,-97.022,Dallas,Dallas,TX,75261
W-4041789,Rain,Light,4/13/22 13:28,4/13/22 13:53,0,US/Central,KDFW,32.8974,-97.022,Dallas,Dallas,TX,75261
W-4041790,Fog,Moderate,4/16/22 14:53,4/16/22 15:53,0,US/Central,KDFW,32.8974,-97.022,Dallas,Dallas,TX,75261
W-4041791,Rain,Light,4/20/22 1:53,4/20/22 2:53,0,US/Central,KDFW,32.8974,-97.022,Dallas,Dallas,TX,75261
W-4041792,Rain,Light,4/20/22 11:53,4/20/22 13:31,0,US/Central,KDFW,32.8974,-97.022,Dallas,Dallas,TX,75261
W-4041793,Rain,Light,4/25/22 0:25,4/25/22 1:12,0,US/Central,KDFW,32.8974,-97.022,Dallas,Dallas,TX,75261
W-4041794,Rain,Light,4/25/22 1:32,4/25/22 3:53,0.11,US/Central,KDFW,32.8974,-97.022,Dallas,Dallas,TX,75261
W-4041795,Rain,Light,4/25/22 5:53,4/25/22 6:28,0.02,US/Central,KDFW,32.8974,-97.022,Dallas,Dallas,TX,75261
W-4041796,Rain,Moderate,4/25/22 6:28,4/25/22 6:37,0.17,US/Central,KDFW,32.8974,-97.022,Dallas,Dallas,TX,75261
W-4041797,Precipitation,UNK,4/25/22 6:37,4/25/22 6:53,0.26,US/Central,KDFW,32.8974,-97.022,Dallas,Dallas,TX,75261
W-4041798,Rain,Moderate,4/25/22 6:53,4/25/22 7:01,0.28,US/Central,KDFW,32.8974,-97.022,Dallas,Dallas,TX,75261
W-4041799,Rain,Light,4/25/22 7:16,4/25/22 7:53,0.04,US/Central,KDFW,32.8974,-97.022,Dallas,Dallas,TX,75261
W-4041800,Precipitation,UNK,4/25/22 8:10,4/25/22 8:53,0.25,US/Central,KDFW,32.8974,-97.022,Dallas,Dallas,TX,75261
W-4041801,Rain,Heavy,4/25/22 8:53,4/25/22 9:17,0.34,US/Central,KDFW,32.8974,-97.022,Dallas,Dallas,TX,75261
W-4041802,Rain,Light,4/25/22 9:17,4/25/22 11:53,0.33,US/Central,KDFW,32.8974,-97.022,Dallas,Dallas,TX,75261
W-4041803,Rain,Light,5/2/22 7:53,5/2/22 8:28,0,US/Central,KDFW,32.8974,-97.022,Dallas,Dallas,TX,75261
W-4041804,Rain,Light,5/2/22 8:53,5/2/22 9:53,0.03,US/Central,KDFW,32.8974,-97.022,Dallas,Dallas,TX,75261
W-4041805,Precipitation,UNK,5/2/22 10:38,5/2/22 10:45,0.51,US/Central,KDFW,32.8974,-97.022,Dallas,Dallas,TX,75261
W-4041806,Rain,Heavy,5/2/22 10:45,5/2/22 11:12,1.02,US/Central,KDFW,32.8974,-97.022,Dallas,Dallas,TX,75261
W-4041807,Rain,Light,5/3/22 7:17,5/3/22 7:53,0,US/Central,KDFW,32.8974,-97.022,Dallas,Dallas,TX,75261
W-4041808,Rain,Moderate,5/3/22 8:08,5/3/22 8:17,0.13,US/Central,KDFW,32.8974,-97.022,Dallas,Dallas,TX,75261
W-4041809,Precipitation,UNK,5/3/22 8:17,5/3/22 8:53,0.68,US/Central,KDFW,32.8974,-97.022,Dallas,Dallas,TX,75261
W-4041810,Rain,Heavy,5/3/22 8:53,5/3/22 9:02,0.53,US/Central,KDFW,32.8974,-97.022,Dallas,Dallas,TX,75261
W-4041811,Rain,Light,5/3/22 9:02,5/3/22 9:29,0,US/Central,KDFW,32.8974,-97.022,Dallas,Dallas,TX,75261
W-4041812,Fog,Severe,5/4/22 9:12,5/4/22 11:53,0,US/Central,KDFW,32.8974,-97.022,Dallas,Dallas,TX,75261
W-4041813,Rain,Light,5/4/22 11:53,5/4/22 12:53,0,US/Central,KDFW,32.8974,-97.022,Dallas,Dallas,TX,75261
W-4041814,Fog,Severe,5/4/22 12:53,5/4/22 15:26,0,US/Central,KDFW,32.8974,-97.022,Dallas,Dallas,TX,75261
W-4041815,Rain,Light,5/4/22 22:53,5/4/22 23:53,0,US/Central,KDFW,32.8974,-97.022,Dallas,Dallas,TX,75261
W-4041816,Rain,Moderate,5/5/22 1:53,5/5/22 2:12,0.2,US/Central,KDFW,32.8974,-97.022,Dallas,Dallas,TX,75261
W-4041817,Rain,Light,5/5/22 18:53,5/5/22 19:01,0,US/Central,KDFW,32.8974,-97.022,Dallas,Dallas,TX,75261
W-4041818,Fog,Moderate,5/21/22 12:53,5/21/22 13:53,0,US/Central,KDFW,32.8974,-97.022,Dallas,Dallas,TX,75261
W-4041819,Rain,Light,5/23/22 6:53,5/23/22 10:53,0.03,US/Central,KDFW,32.8974,-97.022,Dallas,Dallas,TX,75261
W-4041820,Rain,Light,5/23/22 13:53,5/23/22 16:31,0,US/Central,KDFW,32.8974,-97.022,Dallas,Dallas,TX,75261
W-4041821,Rain,Light,5/24/22 2:53,5/24/22 5:53,0.01,US/Central,KDFW,32.8974,-97.022,Dallas,Dallas,TX,75261
W-4041822,Rain,Light,5/24/22 6:53,5/24/22 9:42,0,US/Central,KDFW,32.8974,-97.022,Dallas,Dallas,TX,75261
W-4041823,Rain,Light,5/24/22 11:53,5/24/22 12:53,0,US/Central,KDFW,32.8974,-97.022,Dallas,Dallas,TX,75261
W-4041824,Rain,Light,5/24/22 17:53,5/24/22 20:53,0.13,US/Central,KDFW,32.8974,-97.022,Dallas,Dallas,TX,75261
W-4041825,Rain,Light,5/25/22 0:40,5/25/22 0:58,0,US/Central,KDFW,32.8974,-97.022,Dallas,Dallas,TX,75261
W-4041826,Precipitation,UNK,5/25/22 1:16,5/25/22 1:28,0.25,US/Central,KDFW,32.8974,-97.022,Dallas,Dallas,TX,75261
W-4041827,Rain,Heavy,5/25/22 1:28,5/25/22 1:53,0.33,US/Central,KDFW,32.8974,-97.022,Dallas,Dallas,TX,75261
W-4041828,Precipitation,UNK,5/25/22 1:53,5/25/22 2:53,0.33,US/Central,KDFW,32.8974,-97.022,Dallas,Dallas,TX,75261
W-4041829,Rain,Light,5/25/22 2:53,5/25/22 2:59,0.03,US/Central,KDFW,32.8974,-97.022,Dallas,Dallas,TX,75261
W-4041830,Precipitation,UNK,5/25/22 3:08,5/25/22 3:15,0.28,US/Central,KDFW,32.8974,-97.022,Dallas,Dallas,TX,75261
W-4041831,Rain,Heavy,5/25/22 3:15,5/25/22 4:53,0.68,US/Central,KDFW,32.8974,-97.022,Dallas,Dallas,TX,75261
W-4041832,Rain,Light,5/25/22 5:14,5/25/22 5:53,0.07,US/Central,KDFW,32.8974,-97.022,Dallas,Dallas,TX,75261
W-4041833,Rain,Moderate,5/25/22 5:53,5/25/22 6:37,0.11,US/Central,KDFW,32.8974,-97.022,Dallas,Dallas,TX,75261
W-4041834,Precipitation,UNK,5/25/22 6:53,5/25/22 7:16,0.2,US/Central,KDFW,32.8974,-97.022,Dallas,Dallas,TX,75261
W-4041835,Rain,Light,5/25/22 7:16,5/25/22 7:53,0.04,US/Central,KDFW,32.8974,-97.022,Dallas,Dallas,TX,75261
W-4041836,Rain,Light,5/25/22 8:53,5/25/22 9:24,0,US/Central,KDFW,32.8974,-97.022,Dallas,Dallas,TX,75261
W-4041837,Rain,Light,5/25/22 14:04,5/25/22 14:37,0,US/Central,KDFW,32.8974,-97.022,Dallas,Dallas,TX,75261
W-4041838,Rain,Light,6/1/22 20:01,6/1/22 20:25,0,US/Central,KDFW,32.8974,-97.022,Dallas,Dallas,TX,75261
W-4041839,Precipitation,UNK,6/1/22 20:31,6/1/22 20:41,0.27,US/Central,KDFW,32.8974,-97.022,Dallas,Dallas,TX,75261
W-4041840,Rain,Heavy,6/1/22 20:41,6/1/22 21:36,1.77,US/Central,KDFW,32.8974,-97.022,Dallas,Dallas,TX,75261
W-4041841,Precipitation,UNK,6/1/22 21:53,6/1/22 21:56,0.24,US/Central,KDFW,32.8974,-97.022,Dallas,Dallas,TX,75261
W-4041842,Precipitation,UNK,6/1/22 22:34,6/1/22 22:46,1.2,US/Central,KDFW,32.8974,-97.022,Dallas,Dallas,TX,75261
W-4041843,Rain,Heavy,6/1/22 22:46,6/1/22 22:53,1.31,US/Central,KDFW,32.8974,-97.022,Dallas,Dallas,TX,75261
W-4041844,Precipitation,UNK,6/1/22 22:53,6/1/22 23:20,1.31,US/Central,KDFW,32.8974,-97.022,Dallas,Dallas,TX,75261
W-4041845,Rain,Light,6/2/22 10:43,6/2/22 10:53,0,US/Central,KDFW,32.8974,-97.022,Dallas,Dallas,TX,75261
W-4041846,Storm,Severe,6/2/22 10:53,6/2/22 11:02,0,US/Central,KDFW,32.8974,-97.022,Dallas,Dallas,TX,75261
W-4041847,Precipitation,UNK,6/2/22 11:15,6/2/22 11:39,0.23,US/Central,KDFW,32.8974,-97.022,Dallas,Dallas,TX,75261
W-4041848,Rain,Moderate,6/2/22 11:39,6/2/22 11:53,0.27,US/Central,KDFW,32.8974,-97.022,Dallas,Dallas,TX,75261
W-4041849,Rain,Heavy,6/2/22 11:53,6/2/22 12:22,0.32,US/Central,KDFW,32.8974,-97.022,Dallas,Dallas,TX,75261
W-4041850,Rain,Light,6/2/22 12:22,6/2/22 13:53,0.09,US/Central,KDFW,32.8974,-97.022,Dallas,Dallas,TX,75261
W-4041851,Rain,Light,6/4/22 1:53,6/4/22 2:31,0.09,US/Central,KDFW,32.8974,-97.022,Dallas,Dallas,TX,75261
W-4041852,Fog,Moderate,6/13/22 12:53,6/13/22 14:53,0,US/Central,KDFW,32.8974,-97.022,Dallas,Dallas,TX,75261
W-4041853,Rain,Light,6/18/22 3:53,6/18/22 4:37,0,US/Central,KDFW,32.8974,-97.022,Dallas,Dallas,TX,75261
W-4041854,Rain,Light,7/21/22 9:53,7/21/22 10:53,0,US/Central,KDFW,32.8974,-97.022,Dallas,Dallas,TX,75261
W-4041855,Rain,Light,8/9/22 22:22,8/9/22 22:53,0,US/Central,KDFW,32.8974,-97.022,Dallas,Dallas,TX,75261
W-4041856,Rain,Moderate,8/10/22 23:11,8/10/22 23:49,0.11,US/Central,KDFW,32.8974,-97.022,Dallas,Dallas,TX,75261
W-4041857,Rain,Moderate,8/10/22 23:53,8/11/22 0:53,0.22,US/Central,KDFW,32.8974,-97.022,Dallas,Dallas,TX,75261
W-4041858,Rain,Light,8/11/22 0:53,8/11/22 3:53,0.14,US/Central,KDFW,32.8974,-97.022,Dallas,Dallas,TX,75261
W-4041859,Rain,Light,8/18/22 3:53,8/18/22 4:26,0,US/Central,KDFW,32.8974,-97.022,Dallas,Dallas,TX,75261
W-4041860,Precipitation,UNK,8/18/22 4:34,8/18/22 4:53,0.81,US/Central,KDFW,32.8974,-97.022,Dallas,Dallas,TX,75261
W-4041861,Rain,Heavy,8/18/22 4:53,8/18/22 5:18,0.48,US/Central,KDFW,32.8974,-97.022,Dallas,Dallas,TX,75261
W-4041862,Rain,Light,8/18/22 18:53,8/18/22 19:40,0,US/Central,KDFW,32.8974,-97.022,Dallas,Dallas,TX,75261
W-4041863,Rain,Light,8/21/22 21:27,8/21/22 21:35,0.04,US/Central,KDFW,32.8974,-97.022,Dallas,Dallas,TX,75261
W-4041864,Precipitation,UNK,8/21/22 21:39,8/21/22 22:03,0.92,US/Central,KDFW,32.8974,-97.022,Dallas,Dallas,TX,75261
W-4041865,Rain,Light,8/21/22 22:03,8/21/22 22:53,0.02,US/Central,KDFW,32.8974,-97.022,Dallas,Dallas,TX,75261
W-4041866,Precipitation,UNK,8/22/22 3:26,8/22/22 3:53,0.66,US/Central,KDFW,32.8974,-97.022,Dallas,Dallas,TX,75261
W-4041867,Rain,Heavy,8/22/22 3:53,8/22/22 4:03,0.4,US/Central,KDFW,32.8974,-97.022,Dallas,Dallas,TX,75261
W-4041868,Precipitation,UNK,8/22/22 4:30,8/22/22 5:28,1.02,US/Central,KDFW,32.8974,-97.022,Dallas,Dallas,TX,75261
W-4041869,Precipitation,UNK,8/22/22 5:42,8/22/22 5:53,0.21,US/Central,KDFW,32.8974,-97.022,Dallas,Dallas,TX,75261
W-4041870,Rain,Moderate,8/22/22 5:53,8/22/22 6:12,0.25,US/Central,KDFW,32.8974,-97.022,Dallas,Dallas,TX,75261
W-4041871,Precipitation,UNK,8/22/22 6:25,8/22/22 8:01,6.05,US/Central,KDFW,32.8974,-97.022,Dallas,Dallas,TX,75261
W-4041872,Rain,Light,8/22/22 8:08,8/22/22 8:53,0.08,US/Central,KDFW,32.8974,-97.022,Dallas,Dallas,TX,75261
W-4041873,Rain,Moderate,8/22/22 10:33,8/22/22 11:42,0.31,US/Central,KDFW,32.8974,-97.022,Dallas,Dallas,TX,75261
W-4041874,Precipitation,UNK,8/22/22 11:53,8/22/22 12:21,0.2,US/Central,KDFW,32.8974,-97.022,Dallas,Dallas,TX,75261
W-4041875,Rain,Light,8/22/22 12:21,8/22/22 12:30,0.08,US/Central,KDFW,32.8974,-97.022,Dallas,Dallas,TX,75261
W-4041876,Rain,Moderate,8/22/22 12:30,8/22/22 13:53,0.24,US/Central,KDFW,32.8974,-97.022,Dallas,Dallas,TX,75261
W-4041877,Rain,Light,8/22/22 13:53,8/22/22 14:33,0.13,US/Central,KDFW,32.8974,-97.022,Dallas,Dallas,TX,75261
W-4041878,Rain,Moderate,8/22/22 14:33,8/22/22 14:53,0.14,US/Central,KDFW,32.8974,-97.022,Dallas,Dallas,TX,75261
W-4041879,Rain,Heavy,8/22/22 14:53,8/22/22 15:00,0.35,US/Central,KDFW,32.8974,-97.022,Dallas,Dallas,TX,75261
W-4041880,Rain,Light,8/22/22 15:00,8/22/22 15:17,0.04,US/Central,KDFW,32.8974,-97.022,Dallas,Dallas,TX,75261
W-4041881,Rain,Moderate,8/22/22 15:17,8/22/22 15:57,0.59,US/Central,KDFW,32.8974,-97.022,Dallas,Dallas,TX,75261
W-4041882,Rain,Light,8/22/22 15:57,8/22/22 16:09,0.1,US/Central,KDFW,32.8974,-97.022,Dallas,Dallas,TX,75261
W-4041883,Precipitation,UNK,8/22/22 16:09,8/22/22 16:37,0.91,US/Central,KDFW,32.8974,-97.022,Dallas,Dallas,TX,75261
W-4041884,Rain,Heavy,8/22/22 16:37,8/22/22 16:46,0.8,US/Central,KDFW,32.8974,-97.022,Dallas,Dallas,TX,75261
W-4041885,Precipitation,UNK,8/22/22 16:46,8/22/22 17:02,1.8,US/Central,KDFW,32.8974,-97.022,Dallas,Dallas,TX,75261
W-4041886,Rain,Moderate,8/22/22 17:09,8/22/22 17:14,0.11,US/Central,KDFW,32.8974,-97.022,Dallas,Dallas,TX,75261
W-4041887,Rain,Moderate,8/22/22 17:33,8/22/22 17:53,0.47,US/Central,KDFW,32.8974,-97.022,Dallas,Dallas,TX,75261
W-4041888,Rain,Heavy,8/22/22 17:53,8/22/22 18:53,0.3,US/Central,KDFW,32.8974,-97.022,Dallas,Dallas,TX,75261
W-4041889,Rain,Moderate,8/22/22 18:53,8/22/22 19:22,0.12,US/Central,KDFW,32.8974,-97.022,Dallas,Dallas,TX,75261
W-4041890,Rain,Light,8/22/22 19:22,8/22/22 20:53,0.09,US/Central,KDFW,32.8974,-97.022,Dallas,Dallas,TX,75261
W-4041891,Rain,Light,8/22/22 21:53,8/22/22 22:53,0,US/Central,KDFW,32.8974,-97.022,Dallas,Dallas,TX,75261
W-4041892,Rain,Light,8/23/22 10:53,8/23/22 12:53,0.03,US/Central,KDFW,32.8974,-97.022,Dallas,Dallas,TX,75261
W-4041893,Rain,Light,8/23/22 13:53,8/23/22 14:53,0,US/Central,KDFW,32.8974,-97.022,Dallas,Dallas,TX,75261
W-4041894,Rain,Light,8/23/22 15:01,8/23/22 15:53,0,US/Central,KDFW,32.8974,-97.022,Dallas,Dallas,TX,75261
W-4041895,Rain,Light,8/23/22 16:27,8/23/22 16:53,0,US/Central,KDFW,32.8974,-97.022,Dallas,Dallas,TX,75261
W-4041896,Rain,Light,8/23/22 17:44,8/23/22 19:48,0.29,US/Central,KDFW,32.8974,-97.022,Dallas,Dallas,TX,75261
W-4041897,Rain,Moderate,8/23/22 19:48,8/23/22 20:31,0.3,US/Central,KDFW,32.8974,-97.022,Dallas,Dallas,TX,75261
W-4041898,Rain,Light,8/30/22 4:25,8/30/22 4:36,0,US/Central,KDFW,32.8974,-97.022,Dallas,Dallas,TX,75261
W-4041899,Rain,Light,8/30/22 5:06,8/30/22 5:53,0,US/Central,KDFW,32.8974,-97.022,Dallas,Dallas,TX,75261
W-4041900,Rain,Light,8/30/22 22:35,8/30/22 22:53,0,US/Central,KDFW,32.8974,-97.022,Dallas,Dallas,TX,75261
W-4041901,Rain,Moderate,8/31/22 22:20,8/31/22 22:53,0.15,US/Central,KDFW,32.8974,-97.022,Dallas,Dallas,TX,75261
W-4041902,Rain,Light,9/1/22 18:44,9/1/22 18:51,0,US/Central,KDFW,32.8974,-97.022,Dallas,Dallas,TX,75261
W-4041903,Rain,Moderate,9/1/22 18:51,9/1/22 19:53,0.38,US/Central,KDFW,32.8974,-97.022,Dallas,Dallas,TX,75261
W-4041904,Rain,Light,9/1/22 21:53,9/1/22 23:53,0.04,US/Central,KDFW,32.8974,-97.022,Dallas,Dallas,TX,75261
W-4041905,Rain,Light,9/2/22 15:28,9/2/22 18:42,0.13,US/Central,KDFW,32.8974,-97.022,Dallas,Dallas,TX,75261
W-4041906,Rain,Light,9/4/22 21:53,9/4/22 22:53,0,US/Central,KDFW,32.8974,-97.022,Dallas,Dallas,TX,75261
W-4041907,Rain,Light,10/11/22 15:53,10/11/22 16:53,0,US/Central,KDFW,32.8974,-97.022,Dallas,Dallas,TX,75261
W-4041908,Rain,Light,10/16/22 13:53,10/16/22 15:53,0.04,US/Central,KDFW,32.8974,-97.022,Dallas,Dallas,TX,75261
W-4041909,Rain,Light,10/24/22 10:53,10/24/22 11:53,0,US/Central,KDFW,32.8974,-97.022,Dallas,Dallas,TX,75261
W-4041910,Rain,Light,10/24/22 13:53,10/24/22 14:34,0.07,US/Central,KDFW,32.8974,-97.022,Dallas,Dallas,TX,75261
W-4041911,Rain,Moderate,10/24/22 14:34,10/24/22 15:53,0.34,US/Central,KDFW,32.8974,-97.022,Dallas,Dallas,TX,75261
W-4041912,Rain,Light,10/24/22 15:53,10/24/22 17:36,0.09,US/Central,KDFW,32.8974,-97.022,Dallas,Dallas,TX,75261
W-4041913,Rain,Heavy,10/24/22 17:36,10/24/22 17:58,0.73,US/Central,KDFW,32.8974,-97.022,Dallas,Dallas,TX,75261
W-4041914,Rain,Light,10/24/22 17:58,10/24/22 18:35,0.09,US/Central,KDFW,32.8974,-97.022,Dallas,Dallas,TX,75261
W-4041915,Rain,Moderate,10/24/22 18:35,10/24/22 19:03,0.39,US/Central,KDFW,32.8974,-97.022,Dallas,Dallas,TX,75261
W-4041916,Rain,Light,10/24/22 19:03,10/24/22 19:53,0.25,US/Central,KDFW,32.8974,-97.022,Dallas,Dallas,TX,75261
W-4041917,Rain,Moderate,10/24/22 19:53,10/24/22 20:03,0.16,US/Central,KDFW,32.8974,-97.022,Dallas,Dallas,TX,75261
W-4041918,Rain,Light,10/24/22 20:03,10/24/22 20:21,0.06,US/Central,KDFW,32.8974,-97.022,Dallas,Dallas,TX,75261
W-4041919,Rain,Moderate,10/24/22 20:21,10/24/22 21:53,0.27,US/Central,KDFW,32.8974,-97.022,Dallas,Dallas,TX,75261
W-4041920,Rain,Light,10/25/22 0:53,10/25/22 1:09,0,US/Central,KDFW,32.8974,-97.022,Dallas,Dallas,TX,75261
W-4041921,Rain,Light,10/25/22 1:37,10/25/22 1:53,0,US/Central,KDFW,32.8974,-97.022,Dallas,Dallas,TX,75261
W-4041922,Precipitation,UNK,10/25/22 2:43,10/25/22 2:57,0.94,US/Central,KDFW,32.8974,-97.022,Dallas,Dallas,TX,75261
W-4041923,Precipitation,UNK,10/25/22 3:04,10/25/22 3:12,0.25,US/Central,KDFW,32.8974,-97.022,Dallas,Dallas,TX,75261
W-4041924,Rain,Heavy,10/25/22 3:12,10/25/22 3:53,0.61,US/Central,KDFW,32.8974,-97.022,Dallas,Dallas,TX,75261
W-4041925,Precipitation,UNK,10/25/22 3:53,10/25/22 4:53,0.31,US/Central,KDFW,32.8974,-97.022,Dallas,Dallas,TX,75261
W-4041926,Rain,Light,10/25/22 5:53,10/25/22 6:53,0.02,US/Central,KDFW,32.8974,-97.022,Dallas,Dallas,TX,75261
W-4041927,Rain,Light,10/28/22 12:53,10/28/22 13:53,0.02,US/Central,KDFW,32.8974,-97.022,Dallas,Dallas,TX,75261
W-4041928,Rain,Light,10/28/22 14:10,10/28/22 14:53,0.04,US/Central,KDFW,32.8974,-97.022,Dallas,Dallas,TX,75261
W-4041929,Rain,Moderate,10/28/22 14:53,10/28/22 15:53,0.34,US/Central,KDFW,32.8974,-97.022,Dallas,Dallas,TX,75261
W-4041930,Rain,Heavy,10/28/22 15:53,10/28/22 16:00,0.29,US/Central,KDFW,32.8974,-97.022,Dallas,Dallas,TX,75261
W-4041931,Rain,Light,10/28/22 16:00,10/28/22 16:53,0.02,US/Central,KDFW,32.8974,-97.022,Dallas,Dallas,TX,75261
W-4041932,Rain,Moderate,10/28/22 16:53,10/28/22 16:57,0.11,US/Central,KDFW,32.8974,-97.022,Dallas,Dallas,TX,75261
W-4041933,Rain,Light,10/28/22 16:57,10/28/22 17:26,0.08,US/Central,KDFW,32.8974,-97.022,Dallas,Dallas,TX,75261
W-4041934,Rain,Moderate,10/28/22 17:26,10/28/22 17:53,0.36,US/Central,KDFW,32.8974,-97.022,Dallas,Dallas,TX,75261
W-4041935,Rain,Heavy,10/28/22 17:53,10/28/22 18:16,0.32,US/Central,KDFW,32.8974,-97.022,Dallas,Dallas,TX,75261
W-4041936,Rain,Moderate,10/28/22 18:16,10/28/22 18:53,0.12,US/Central,KDFW,32.8974,-97.022,Dallas,Dallas,TX,75261
W-4041937,Rain,Heavy,10/28/22 18:53,10/28/22 19:25,0.3,US/Central,KDFW,32.8974,-97.022,Dallas,Dallas,TX,75261
W-4041938,Storm,Severe,10/28/22 19:25,10/28/22 19:37,0,US/Central,KDFW,32.8974,-97.022,Dallas,Dallas,TX,75261
W-4041939,Rain,Moderate,10/28/22 19:37,10/28/22 19:53,0.17,US/Central,KDFW,32.8974,-97.022,Dallas,Dallas,TX,75261
W-4041940,Rain,Light,10/28/22 22:53,10/28/22 23:38,0,US/Central,KDFW,32.8974,-97.022,Dallas,Dallas,TX,75261
W-4041941,Rain,Light,10/28/22 23:49,10/28/22 23:53,0.05,US/Central,KDFW,32.8974,-97.022,Dallas,Dallas,TX,75261
W-4041942,Precipitation,UNK,10/29/22 0:53,10/29/22 1:19,0.21,US/Central,KDFW,32.8974,-97.022,Dallas,Dallas,TX,75261
W-4041943,Rain,Moderate,10/29/22 1:19,10/29/22 2:05,0.23,US/Central,KDFW,32.8974,-97.022,Dallas,Dallas,TX,75261
W-4041944,Rain,Light,10/29/22 2:20,10/29/22 2:53,0.01,US/Central,KDFW,32.8974,-97.022,Dallas,Dallas,TX,75261
W-4041945,Rain,Light,10/29/22 3:53,10/29/22 5:53,0,US/Central,KDFW,32.8974,-97.022,Dallas,Dallas,TX,75261
W-4041946,Rain,Light,10/29/22 10:53,10/29/22 14:10,0.12,US/Central,KDFW,32.8974,-97.022,Dallas,Dallas,TX,75261
W-4041947,Rain,Light,10/29/22 18:53,10/29/22 20:53,0.04,US/Central,KDFW,32.8974,-97.022,Dallas,Dallas,TX,75261
W-4041948,Fog,Severe,11/3/22 15:11,11/3/22 15:24,0,US/Central,KDFW,32.8974,-97.022,Dallas,Dallas,TX,75261
W-4041949,Rain,Light,11/3/22 15:24,11/3/22 15:53,0,US/Central,KDFW,32.8974,-97.022,Dallas,Dallas,TX,75261
W-4041950,Fog,Severe,11/3/22 15:53,11/3/22 16:53,0,US/Central,KDFW,32.8974,-97.022,Dallas,Dallas,TX,75261
W-4041951,Rain,Light,11/4/22 16:53,11/4/22 18:10,0.06,US/Central,KDFW,32.8974,-97.022,Dallas,Dallas,TX,75261
W-4041952,Rain,Light,11/4/22 18:27,11/4/22 18:37,0.05,US/Central,KDFW,32.8974,-97.022,Dallas,Dallas,TX,75261
W-4041953,Rain,Moderate,11/4/22 18:40,11/4/22 18:44,0.11,US/Central,KDFW,32.8974,-97.022,Dallas,Dallas,TX,75261
W-4041954,Rain,Light,11/4/22 19:16,11/4/22 19:34,0.09,US/Central,KDFW,32.8974,-97.022,Dallas,Dallas,TX,75261
W-4041955,Rain,Light,11/4/22 19:44,11/4/22 19:53,0.09,US/Central,KDFW,32.8974,-97.022,Dallas,Dallas,TX,75261
W-4041956,Precipitation,UNK,11/4/22 20:01,11/4/22 20:36,5.47,US/Central,KDFW,32.8974,-97.022,Dallas,Dallas,TX,75261
W-4041957,Rain,Heavy,11/4/22 20:36,11/4/22 20:53,3.72,US/Central,KDFW,32.8974,-97.022,Dallas,Dallas,TX,75261
W-4041958,Precipitation,UNK,11/4/22 20:53,11/4/22 21:22,1.86,US/Central,KDFW,32.8974,-97.022,Dallas,Dallas,TX,75261
W-4041959,Storm,Severe,11/4/22 22:03,11/4/22 22:18,0,US/Central,KDFW,32.8974,-97.022,Dallas,Dallas,TX,75261
W-4041960,Precipitation,UNK,11/4/22 22:18,11/4/22 23:06,2.71,US/Central,KDFW,32.8974,-97.022,Dallas,Dallas,TX,75261
W-4041961,Rain,Light,11/4/22 23:06,11/4/22 23:53,0,US/Central,KDFW,32.8974,-97.022,Dallas,Dallas,TX,75261
W-4041962,Fog,Severe,11/7/22 6:38,11/7/22 10:53,0,US/Central,KDFW,32.8974,-97.022,Dallas,Dallas,TX,75261
W-4041963,Rain,Light,11/7/22 10:53,11/7/22 12:03,0.02,US/Central,KDFW,32.8974,-97.022,Dallas,Dallas,TX,75261
W-4041964,Fog,Severe,11/7/22 12:03,11/7/22 14:02,0,US/Central,KDFW,32.8974,-97.022,Dallas,Dallas,TX,75261
W-4041965,Rain,Light,11/7/22 14:02,11/7/22 14:53,0,US/Central,KDFW,32.8974,-97.022,Dallas,Dallas,TX,75261
W-4041966,Fog,Severe,11/7/22 14:53,11/7/22 15:09,0,US/Central,KDFW,32.8974,-97.022,Dallas,Dallas,TX,75261
W-4041967,Rain,Light,11/7/22 15:09,11/7/22 15:45,0,US/Central,KDFW,32.8974,-97.022,Dallas,Dallas,TX,75261
W-4041968,Fog,Severe,11/7/22 15:45,11/7/22 16:53,0,US/Central,KDFW,32.8974,-97.022,Dallas,Dallas,TX,75261
W-4041969,Rain,Light,11/7/22 20:40,11/7/22 21:08,0.02,US/Central,KDFW,32.8974,-97.022,Dallas,Dallas,TX,75261
W-4041970,Rain,Light,11/7/22 22:53,11/7/22 23:53,0,US/Central,KDFW,32.8974,-97.022,Dallas,Dallas,TX,75261
W-4041971,Fog,Moderate,11/8/22 17:53,11/8/22 18:03,0,US/Central,KDFW,32.8974,-97.022,Dallas,Dallas,TX,75261
W-4041972,Rain,Light,11/10/22 21:53,11/10/22 22:53,0,US/Central,KDFW,32.8974,-97.022,Dallas,Dallas,TX,75261
W-4041973,Rain,Light,11/11/22 9:22,11/11/22 9:36,0,US/Central,KDFW,32.8974,-97.022,Dallas,Dallas,TX,75261
W-4041974,Rain,Light,11/11/22 9:53,11/11/22 10:53,0,US/Central,KDFW,32.8974,-97.022,Dallas,Dallas,TX,75261
W-4041975,Rain,Light,11/11/22 11:53,11/11/22 12:53,0,US/Central,KDFW,32.8974,-97.022,Dallas,Dallas,TX,75261
W-4041976,Rain,Light,11/11/22 13:16,11/11/22 14:14,0,US/Central,KDFW,32.8974,-97.022,Dallas,Dallas,TX,75261
W-4041977,Rain,Light,11/11/22 14:51,11/11/22 15:05,0,US/Central,KDFW,32.8974,-97.022,Dallas,Dallas,TX,75261
W-4041978,Rain,Moderate,11/11/22 15:41,11/11/22 16:10,0.3,US/Central,KDFW,32.8974,-97.022,Dallas,Dallas,TX,75261
W-4041979,Rain,Light,11/11/22 16:10,11/11/22 16:53,0.04,US/Central,KDFW,32.8974,-97.022,Dallas,Dallas,TX,75261
W-4041980,Rain,Light,11/11/22 17:07,11/11/22 18:01,0.01,US/Central,KDFW,32.8974,-97.022,Dallas,Dallas,TX,75261
W-4041981,Rain,Light,11/11/22 18:10,11/11/22 18:22,0.1,US/Central,KDFW,32.8974,-97.022,Dallas,Dallas,TX,75261
W-4041982,Rain,Moderate,11/11/22 18:22,11/11/22 18:24,0.18,US/Central,KDFW,32.8974,-97.022,Dallas,Dallas,TX,75261
W-4041983,Precipitation,UNK,11/11/22 18:24,11/11/22 18:38,0.49,US/Central,KDFW,32.8974,-97.022,Dallas,Dallas,TX,75261
W-4041984,Rain,Heavy,11/11/22 18:38,11/11/22 19:25,0.87,US/Central,KDFW,32.8974,-97.022,Dallas,Dallas,TX,75261
W-4041985,Rain,Light,11/11/22 19:25,11/11/22 19:53,0,US/Central,KDFW,32.8974,-97.022,Dallas,Dallas,TX,75261
W-4041986,Rain,Light,11/14/22 14:53,11/14/22 16:23,0.19,US/Central,KDFW,32.8974,-97.022,Dallas,Dallas,TX,75261
W-4041987,Rain,Light,11/14/22 16:53,11/14/22 17:53,0.01,US/Central,KDFW,32.8974,-97.022,Dallas,Dallas,TX,75261
W-4041988,Rain,Light,11/14/22 18:13,11/14/22 18:51,0.16,US/Central,KDFW,32.8974,-97.022,Dallas,Dallas,TX,75261
W-4041989,Rain,Moderate,11/14/22 18:51,11/14/22 19:07,0.2,US/Central,KDFW,32.8974,-97.022,Dallas,Dallas,TX,75261
W-4041990,Rain,Light,11/14/22 19:07,11/14/22 19:34,0.06,US/Central,KDFW,32.8974,-97.022,Dallas,Dallas,TX,75261
W-4041991,Rain,Moderate,11/14/22 19:34,11/14/22 20:22,0.71,US/Central,KDFW,32.8974,-97.022,Dallas,Dallas,TX,75261
W-4041992,Rain,Light,11/14/22 20:22,11/14/22 20:53,0.01,US/Central,KDFW,32.8974,-97.022,Dallas,Dallas,TX,75261
W-4041993,Rain,Light,11/21/22 1:53,11/21/22 2:53,0,US/Central,KDFW,32.8974,-97.022,Dallas,Dallas,TX,75261
W-4041994,Rain,Light,11/21/22 5:53,11/21/22 6:53,0,US/Central,KDFW,32.8974,-97.022,Dallas,Dallas,TX,75261
W-4041995,Rain,Light,11/21/22 8:53,11/21/22 9:53,0.01,US/Central,KDFW,32.8974,-97.022,Dallas,Dallas,TX,75261
W-4041996,Rain,Light,11/23/22 10:24,11/23/22 10:53,0,US/Central,KDFW,32.8974,-97.022,Dallas,Dallas,TX,75261
W-4041997,Rain,Light,11/23/22 11:44,11/23/22 11:53,0.01,US/Central,KDFW,32.8974,-97.022,Dallas,Dallas,TX,75261
W-4041998,Precipitation,UNK,11/24/22 1:33,11/24/22 1:40,0.19,US/Central,KDFW,32.8974,-97.022,Dallas,Dallas,TX,75261
W-4041999,Rain,Moderate,11/24/22 1:40,11/24/22 2:53,0.39,US/Central,KDFW,32.8974,-97.022,Dallas,Dallas,TX,75261
W-4042000,Rain,Moderate,11/24/22 3:39,11/24/22 4:09,0.37,US/Central,KDFW,32.8974,-97.022,Dallas,Dallas,TX,75261
W-4042001,Rain,Light,11/24/22 4:09,11/24/22 9:53,0.33,US/Central,KDFW,32.8974,-97.022,Dallas,Dallas,TX,75261
W-4042002,Rain,Light,11/24/22 10:13,11/24/22 10:41,0,US/Central,KDFW,32.8974,-97.022,Dallas,Dallas,TX,75261
W-4042003,Fog,Severe,11/24/22 10:41,11/24/22 10:53,0,US/Central,KDFW,32.8974,-97.022,Dallas,Dallas,TX,75261
W-4042004,Rain,Light,11/24/22 10:53,11/24/22 11:41,0.09,US/Central,KDFW,32.8974,-97.022,Dallas,Dallas,TX,75261
W-4042005,Rain,Light,11/24/22 12:27,11/24/22 12:53,0,US/Central,KDFW,32.8974,-97.022,Dallas,Dallas,TX,75261
W-4042006,Fog,Severe,11/24/22 12:53,11/24/22 13:53,0,US/Central,KDFW,32.8974,-97.022,Dallas,Dallas,TX,75261
W-4042007,Rain,Light,11/24/22 13:53,11/24/22 14:53,0.04,US/Central,KDFW,32.8974,-97.022,Dallas,Dallas,TX,75261
W-4042008,Fog,Severe,11/24/22 14:53,11/24/22 15:53,0,US/Central,KDFW,32.8974,-97.022,Dallas,Dallas,TX,75261
W-4042009,Rain,Light,11/24/22 15:53,11/24/22 18:25,0.1,US/Central,KDFW,32.8974,-97.022,Dallas,Dallas,TX,75261
W-4042010,Fog,Severe,11/24/22 18:25,11/24/22 18:53,0,US/Central,KDFW,32.8974,-97.022,Dallas,Dallas,TX,75261
W-4042011,Rain,Light,11/24/22 18:53,11/24/22 22:40,0.16,US/Central,KDFW,32.8974,-97.022,Dallas,Dallas,TX,75261
W-4042012,Rain,Moderate,11/24/22 22:40,11/24/22 23:38,0.23,US/Central,KDFW,32.8974,-97.022,Dallas,Dallas,TX,75261
W-4042013,Rain,Light,11/24/22 23:38,11/24/22 23:53,0.02,US/Central,KDFW,32.8974,-97.022,Dallas,Dallas,TX,75261
W-4042014,Rain,Light,11/25/22 3:53,11/25/22 5:53,0,US/Central,KDFW,32.8974,-97.022,Dallas,Dallas,TX,75261
W-4042015,Rain,Light,11/25/22 9:53,11/25/22 10:53,0,US/Central,KDFW,32.8974,-97.022,Dallas,Dallas,TX,75261
W-4042016,Rain,Light,11/25/22 18:53,11/25/22 20:53,0,US/Central,KDFW,32.8974,-97.022,Dallas,Dallas,TX,75261
W-4042017,Rain,Light,11/26/22 7:18,11/26/22 9:53,0.09,US/Central,KDFW,32.8974,-97.022,Dallas,Dallas,TX,75261
W-4042018,Rain,Moderate,11/26/22 9:53,11/26/22 10:40,0.11,US/Central,KDFW,32.8974,-97.022,Dallas,Dallas,TX,75261
W-4042019,Rain,Light,11/26/22 10:40,11/26/22 10:47,0.07,US/Central,KDFW,32.8974,-97.022,Dallas,Dallas,TX,75261
W-4042020,Rain,Moderate,11/26/22 10:47,11/26/22 11:01,0.22,US/Central,KDFW,32.8974,-97.022,Dallas,Dallas,TX,75261
W-4042021,Rain,Light,11/26/22 11:01,11/26/22 11:34,0.08,US/Central,KDFW,32.8974,-97.022,Dallas,Dallas,TX,75261
W-4042022,Rain,Moderate,11/26/22 11:34,11/26/22 12:59,0.65,US/Central,KDFW,32.8974,-97.022,Dallas,Dallas,TX,75261
W-4042023,Rain,Light,11/26/22 12:59,11/26/22 13:08,0.05,US/Central,KDFW,32.8974,-97.022,Dallas,Dallas,TX,75261
W-4042024,Rain,Moderate,11/26/22 13:08,11/26/22 13:53,0.59,US/Central,KDFW,32.8974,-97.022,Dallas,Dallas,TX,75261
W-4042025,Rain,Heavy,11/26/22 13:53,11/26/22 14:53,0.33,US/Central,KDFW,32.8974,-97.022,Dallas,Dallas,TX,75261
W-4042026,Rain,Light,11/26/22 14:53,11/26/22 17:13,0.03,US/Central,KDFW,32.8974,-97.022,Dallas,Dallas,TX,75261
W-4042027,Rain,Light,11/26/22 19:19,11/26/22 20:39,0.02,US/Central,KDFW,32.8974,-97.022,Dallas,Dallas,TX,75261
W-4042028,Rain,Light,11/26/22 20:53,11/26/22 22:22,0.03,US/Central,KDFW,32.8974,-97.022,Dallas,Dallas,TX,75261
W-4042029,Rain,Light,11/26/22 22:53,11/26/22 23:53,0,US/Central,KDFW,32.8974,-97.022,Dallas,Dallas,TX,75261
W-4042030,Rain,Light,11/27/22 1:53,11/27/22 2:53,0,US/Central,KDFW,32.8974,-97.022,Dallas,Dallas,TX,75261
W-4042031,Rain,Light,12/2/22 2:53,12/2/22 3:53,0,US/Central,KDFW,32.8974,-97.022,Dallas,Dallas,TX,75261
W-4042032,Fog,Severe,12/3/22 6:04,12/3/22 6:05,0,US/Central,KDFW,32.8974,-97.022,Dallas,Dallas,TX,75261
W-4042033,Fog,Severe,12/3/22 6:43,12/3/22 6:53,0,US/Central,KDFW,32.8974,-97.022,Dallas,Dallas,TX,75261
W-4042034,Fog,Severe,12/3/22 7:19,12/3/22 7:38,0,US/Central,KDFW,32.8974,-97.022,Dallas,Dallas,TX,75261
W-4042035,Fog,Moderate,12/3/22 7:38,12/3/22 8:53,0,US/Central,KDFW,32.8974,-97.022,Dallas,Dallas,TX,75261
W-4042036,Rain,Light,12/4/22 16:53,12/4/22 17:53,0,US/Central,KDFW,32.8974,-97.022,Dallas,Dallas,TX,75261
W-4042037,Rain,Light,12/5/22 2:53,12/5/22 4:53,0,US/Central,KDFW,32.8974,-97.022,Dallas,Dallas,TX,75261
W-4042038,Cold,Severe,12/6/22 17:53,12/6/22 18:53,0,US/Central,KDFW,32.8974,-97.022,Dallas,Dallas,TX,75261
W-4042039,Rain,Light,12/7/22 0:53,12/7/22 2:53,0,US/Central,KDFW,32.8974,-97.022,Dallas,Dallas,TX,75261
W-4042040,Rain,Light,12/7/22 5:53,12/7/22 10:29,0.04,US/Central,KDFW,32.8974,-97.022,Dallas,Dallas,TX,75261
W-4042041,Rain,Light,12/7/22 13:51,12/7/22 14:35,0,US/Central,KDFW,32.8974,-97.022,Dallas,Dallas,TX,75261
W-4042042,Fog,Severe,12/7/22 14:35,12/7/22 14:53,0,US/Central,KDFW,32.8974,-97.022,Dallas,Dallas,TX,75261
W-4042043,Rain,Light,12/7/22 14:53,12/7/22 15:30,0,US/Central,KDFW,32.8974,-97.022,Dallas,Dallas,TX,75261
W-4042044,Fog,Severe,12/7/22 15:30,12/7/22 15:53,0,US/Central,KDFW,32.8974,-97.022,Dallas,Dallas,TX,75261
W-4042045,Rain,Light,12/7/22 15:53,12/7/22 16:53,0,US/Central,KDFW,32.8974,-97.022,Dallas,Dallas,TX,75261
W-4042046,Fog,Severe,12/7/22 16:53,12/7/22 17:01,0,US/Central,KDFW,32.8974,-97.022,Dallas,Dallas,TX,75261
W-4042047,Fog,Severe,12/7/22 19:27,12/7/22 20:41,0,US/Central,KDFW,32.8974,-97.022,Dallas,Dallas,TX,75261
W-4042048,Rain,Light,12/7/22 20:41,12/7/22 21:53,0.02,US/Central,KDFW,32.8974,-97.022,Dallas,Dallas,TX,75261
W-4042049,Fog,Severe,12/7/22 22:53,12/7/22 23:01,0,US/Central,KDFW,32.8974,-97.022,Dallas,Dallas,TX,75261
W-4042050,Fog,Severe,12/8/22 0:53,12/8/22 10:26,0,US/Central,KDFW,32.8974,-97.022,Dallas,Dallas,TX,75261
W-4042051,Rain,Light,12/9/22 1:53,12/9/22 2:53,0.02,US/Central,KDFW,32.8974,-97.022,Dallas,Dallas,TX,75261
W-4042052,Fog,Severe,12/9/22 4:53,12/9/22 5:15,0,US/Central,KDFW,32.8974,-97.022,Dallas,Dallas,TX,75261
W-4042053,Rain,Light,12/9/22 9:53,12/9/22 10:53,0.12,US/Central,KDFW,32.8974,-97.022,Dallas,Dallas,TX,75261
W-4042054,Fog,Severe,12/10/22 2:20,12/10/22 8:50,0,US/Central,KDFW,32.8974,-97.022,Dallas,Dallas,TX,75261
W-4042055,Fog,Severe,12/10/22 8:53,12/10/22 10:37,0,US/Central,KDFW,32.8974,-97.022,Dallas,Dallas,TX,75261
W-4042056,Rain,Light,12/10/22 14:53,12/10/22 15:53,0.01,US/Central,KDFW,32.8974,-97.022,Dallas,Dallas,TX,75261
W-4042057,Rain,Light,12/10/22 16:53,12/10/22 17:53,0,US/Central,KDFW,32.8974,-97.022,Dallas,Dallas,TX,75261
W-4042058,Rain,Light,12/10/22 19:27,12/10/22 20:01,0.01,US/Central,KDFW,32.8974,-97.022,Dallas,Dallas,TX,75261
W-4042059,Precipitation,UNK,12/10/22 20:07,12/10/22 20:24,0.21,US/Central,KDFW,32.8974,-97.022,Dallas,Dallas,TX,75261
W-4042060,Rain,Heavy,12/10/22 20:24,12/10/22 21:20,1.75,US/Central,KDFW,32.8974,-97.022,Dallas,Dallas,TX,75261
W-4042061,Rain,Light,12/10/22 21:20,12/10/22 21:53,0.01,US/Central,KDFW,32.8974,-97.022,Dallas,Dallas,TX,75261
W-4042062,Rain,Light,12/10/22 22:42,12/10/22 22:53,0.01,US/Central,KDFW,32.8974,-97.022,Dallas,Dallas,TX,75261
W-4042063,Rain,Moderate,12/10/22 23:53,12/11/22 0:10,0.1,US/Central,KDFW,32.8974,-97.022,Dallas,Dallas,TX,75261
W-4042064,Rain,Moderate,12/11/22 0:53,12/11/22 1:06,0.22,US/Central,KDFW,32.8974,-97.022,Dallas,Dallas,TX,75261
W-4042065,Rain,Light,12/11/22 1:06,12/11/22 2:53,0.1,US/Central,KDFW,32.8974,-97.022,Dallas,Dallas,TX,75261
W-4042066,Rain,Moderate,12/11/22 2:53,12/11/22 3:53,0.12,US/Central,KDFW,32.8974,-97.022,Dallas,Dallas,TX,75261
W-4042067,Rain,Light,12/11/22 4:53,12/11/22 5:53,0.1,US/Central,KDFW,32.8974,-97.022,Dallas,Dallas,TX,75261
W-4042068,Rain,Moderate,12/11/22 5:53,12/11/22 6:53,0.1,US/Central,KDFW,32.8974,-97.022,Dallas,Dallas,TX,75261
W-4042069,Rain,Light,12/11/22 6:53,12/11/22 8:53,0.05,US/Central,KDFW,32.8974,-97.022,Dallas,Dallas,TX,75261
W-4042070,Fog,Severe,12/12/22 17:19,12/12/22 18:53,0,US/Central,KDFW,32.8974,-97.022,Dallas,Dallas,TX,75261
W-4042071,Rain,Light,12/12/22 18:53,12/12/22 19:53,0,US/Central,KDFW,32.8974,-97.022,Dallas,Dallas,TX,75261
W-4042072,Fog,Severe,12/12/22 19:53,12/12/22 20:53,0,US/Central,KDFW,32.8974,-97.022,Dallas,Dallas,TX,75261
W-4042073,Rain,Light,12/12/22 21:53,12/12/22 22:53,0,US/Central,KDFW,32.8974,-97.022,Dallas,Dallas,TX,75261
W-4042074,Rain,Light,12/12/22 23:05,12/13/22 5:53,0.03,US/Central,KDFW,32.8974,-97.022,Dallas,Dallas,TX,75261
W-4042075,Rain,Light,12/13/22 6:53,12/13/22 8:53,0.01,US/Central,KDFW,32.8974,-97.022,Dallas,Dallas,TX,75261
W-4042076,Rain,Light,12/13/22 9:53,12/13/22 10:32,0,US/Central,KDFW,32.8974,-97.022,Dallas,Dallas,TX,75261
W-4042077,Rain,Light,12/13/22 13:53,12/13/22 14:49,0.1,US/Central,KDFW,32.8974,-97.022,Dallas,Dallas,TX,75261
W-4042078,Storm,Severe,12/13/22 14:49,12/13/22 15:08,0,US/Central,KDFW,32.8974,-97.022,Dallas,Dallas,TX,75261
W-4042079,Precipitation,UNK,12/13/22 15:08,12/13/22 16:53,2.72,US/Central,KDFW,32.8974,-97.022,Dallas,Dallas,TX,75261
W-4042080,Rain,Light,12/19/22 6:53,12/19/22 7:53,0,US/Central,KDFW,32.8974,-97.022,Dallas,Dallas,TX,75261
W-4042081,Rain,Light,12/20/22 4:24,12/20/22 7:53,0,US/Central,KDFW,32.8974,-97.022,Dallas,Dallas,TX,75261
W-4042082,Rain,Light,12/20/22 8:53,12/20/22 11:53,0,US/Central,KDFW,32.8974,-97.022,Dallas,Dallas,TX,75261
W-4042083,Fog,Severe,12/22/22 10:29,12/22/22 13:29,0,US/Central,KDFW,32.8974,-97.022,Dallas,Dallas,TX,75261
W-4042084,Rain,Light,12/22/22 14:16,12/22/22 14:28,0,US/Central,KDFW,32.8974,-97.022,Dallas,Dallas,TX,75261
W-4042085,Snow,Light,12/22/22 14:28,12/22/22 14:53,0,US/Central,KDFW,32.8974,-97.022,Dallas,Dallas,TX,75261
W-4042086,Storm,Severe,12/22/22 15:53,12/22/22 16:32,0,US/Central,KDFW,32.8974,-97.022,Dallas,Dallas,TX,75261
W-4042087,Snow,Light,12/22/22 16:32,12/22/22 19:53,0,US/Central,KDFW,32.8974,-97.022,Dallas,Dallas,TX,75261
W-4042088,Snow,Light,12/22/22 20:46,12/22/22 21:25,0,US/Central,KDFW,32.8974,-97.022,Dallas,Dallas,TX,75261